personid,wageincome,satverbal,satmath,gpascience,gpaenglish,gpamath,gpaoverall,gender,motherhighgrade,fatherhighgrade,parentincome,completedba
103418,30000.0,500.0,430.0,170.0,191.0,213.0,215.0,Male,12.0,12.0,35469.0,0.0
103845,130000.0,480.0,510.0,265.0,310.0,290.0,314.0,Male,9.0,9.0,70500.0,1.0
108354,75000.0,390.0,330.0,290.0,320.0,290.0,316.0,Male,17.0,13.0,145392.0,0.0
110014,32000.0,460.0,410.0,333.0,366.0,310.0,355.0,Female,13.0,9.0,38300.0,0.0
111078,30000.0,430.0,540.0,227.0,250.0,367.0,306.0,Female,17.0,18.0,32799.0,0.0
111244,58000.0,430.0,220.0,282.0,248.0,221.0,285.0,Male,19.0,14.0,116250.0,1.0
111728,55000.0,470.0,510.0,287.0,349.0,287.0,340.0,Male,12.0,12.0,28020.0,1.0
112034,55000.0,480.0,430.0,320.0,278.0,319.0,307.0,Female,12.0,12.0,20000.0,1.0
114307,43000.0,440.0,550.0,347.0,400.0,350.0,360.0,Female,17.0,17.0,150200.0,1.0
115422,23000.0,400.0,390.0,280.0,269.0,200.0,271.0,Female,13.0,12.0,90000.0,0.0
117690,10000.0,550.0,530.0,311.0,320.0,326.0,354.0,Female,13.0,15.0,45800.0,1.0
118231,100000.0,640.0,470.0,290.0,334.0,290.0,343.0,Male,12.0,14.0,54112.0,0.0
118741,32000.0,750.0,660.0,388.0,400.0,400.0,398.0,Female,17.0,20.0,246474.0,1.0
119784,110000.0,710.0,710.0,400.0,406.0,419.0,405.0,Female,17.0,18.0,52800.0,1.0
121015,35000.0,600.0,680.0,367.0,361.0,330.0,354.0,Female,16.0,18.0,123700.0,1.0
122241,31000.0,530.0,580.0,325.0,360.0,325.0,365.0,Female,16.0,16.0,105000.0,1.0
124467,70000.0,460.0,450.0,290.0,240.0,250.0,264.0,Male,12.0,10.0,41983.0,1.0
126597,65000.0,260.0,430.0,260.0,322.0,325.0,336.0,Male,14.0,12.0,36000.0,0.0
128324,45000.0,620.0,560.0,280.0,332.0,320.0,304.0,Female,12.0,12.0,37750.0,0.0
129366,37000.0,420.0,500.0,208.0,268.0,293.0,284.0,Male,16.0,16.0,246474.0,0.0
131689,105000.0,350.0,470.0,257.0,280.0,255.0,291.0,Male,14.0,16.0,27700.0,1.0
132778,76000.0,510.0,470.0,315.0,284.0,290.0,296.0,Female,11.0,14.0,37500.0,1.0
137323,50000.0,670.0,460.0,300.0,300.0,295.0,318.0,Female,19.0,16.0,28180.0,1.0
138257,30000.0,430.0,370.0,157.0,267.0,155.0,206.0,Male,15.0,14.0,56800.0,0.0
141769,30000.0,610.0,570.0,277.0,361.0,280.0,332.0,Female,15.0,14.0,10000.0,1.0
142470,50000.0,530.0,480.0,297.0,276.0,93.0,246.0,Male,15.0,20.0,103000.0,1.0
142583,27000.0,380.0,370.0,190.0,180.0,163.0,226.0,Female,16.0,16.0,65000.0,0.0
143456,94000.0,550.0,630.0,300.0,290.0,295.0,301.0,Male,16.0,18.0,130000.0,1.0
150628,26000.0,430.0,550.0,310.0,267.0,326.0,294.0,Female,12.0,12.0,50025.0,0.0
151367,120000.0,620.0,690.0,400.0,375.0,400.0,389.0,Male,18.0,20.0,98953.0,1.0
152869,58000.0,600.0,600.0,390.0,366.0,363.0,378.0,Male,16.0,16.0,78500.0,1.0
154198,107000.0,550.0,550.0,350.0,325.0,283.0,343.0,Female,14.0,12.0,89900.0,1.0
156481,32000.0,460.0,410.0,235.0,313.0,292.0,285.0,Female,13.0,12.0,34000.0,0.0
157284,71000.0,570.0,540.0,260.0,240.0,303.0,287.0,Male,12.0,18.0,60300.0,1.0
158544,75000.0,670.0,630.0,400.0,392.0,338.0,383.0,Female,16.0,16.0,67202.0,1.0
162597,30000.0,390.0,470.0,368.0,363.0,383.0,360.0,Female,16.0,15.0,63000.0,1.0
162708,20000.0,640.0,740.0,333.0,325.0,375.0,354.0,Female,12.0,16.0,246474.0,1.0
166595,87000.0,480.0,570.0,408.0,400.0,397.0,383.0,Female,16.0,16.0,69125.0,1.0
168160,60000.0,660.0,520.0,319.0,330.0,258.0,297.0,Female,16.0,16.0,105000.0,1.0
168895,76000.0,630.0,550.0,412.0,407.0,404.0,363.0,Female,16.0,16.0,57200.0,0.0
169218,30000.0,580.0,680.0,323.0,318.0,290.0,350.0,Male,14.0,13.0,53400.0,1.0
173092,79000.0,600.0,620.0,300.0,375.0,367.0,331.0,Male,13.0,12.0,93000.0,1.0
174352,33000.0,540.0,470.0,257.0,327.0,223.0,308.0,Female,12.0,15.0,38759.0,0.0
175442,235884.0,640.0,590.0,350.0,360.0,347.0,379.0,Male,17.0,17.0,17500.0,1.0
176094,26000.0,620.0,550.0,282.0,247.0,190.0,221.0,Male,16.0,16.0,45245.0,1.0
177845,35000.0,370.0,230.0,330.0,333.0,263.0,309.0,Female,14.0,16.0,8085.0,0.0
177987,1900.0,650.0,630.0,323.0,278.0,310.0,292.0,Male,20.0,20.0,84000.0,1.0
178083,70000.0,460.0,410.0,367.0,333.0,358.0,360.0,Female,13.0,12.0,62400.0,1.0
178332,16000.0,340.0,360.0,273.0,167.0,276.0,260.0,Female,13.0,12.0,51210.0,0.0
178391,75000.0,550.0,650.0,400.0,400.0,400.0,397.0,Female,12.0,12.0,12450.0,1.0
180016,125000.0,600.0,680.0,375.0,313.0,354.0,361.0,Male,17.0,18.0,52800.0,1.0
181850,34000.0,610.0,480.0,327.0,316.0,251.0,305.0,Female,14.0,14.0,52000.0,1.0
184508,78000.0,560.0,610.0,393.0,385.0,313.0,371.0,Male,12.0,16.0,30100.0,1.0
184521,25000.0,350.0,250.0,295.0,345.0,312.0,326.0,Female,12.0,12.0,80250.0,0.0
185424,18500.0,380.0,400.0,223.0,243.0,247.0,274.0,Female,12.0,12.0,120000.0,1.0
185538,235884.0,640.0,590.0,266.0,293.0,300.0,287.0,Male,16.0,18.0,246474.0,1.0
187991,44000.0,450.0,460.0,227.0,320.0,243.0,288.0,Female,14.0,13.0,49000.0,1.0
188385,73779.0,620.0,590.0,380.0,380.0,355.0,379.0,Female,16.0,18.0,101118.0,1.0
188817,36000.0,560.0,510.0,300.0,300.0,327.0,335.0,Female,15.0,14.0,36000.0,1.0
192441,82000.0,540.0,620.0,300.0,265.0,310.0,309.0,Male,14.0,16.0,58129.0,0.0
192471,46000.0,550.0,520.0,327.0,400.0,295.0,355.0,Male,12.0,12.0,61000.0,1.0
192626,65000.0,360.0,400.0,287.0,290.0,312.0,298.0,Male,10.0,10.0,17500.0,1.0
194364,50000.0,600.0,470.0,343.0,350.0,257.0,344.0,Female,12.0,14.0,15000.0,1.0
197406,25000.0,360.0,230.0,363.0,338.0,320.0,338.0,Female,3.0,4.0,46000.0,0.0
198227,28000.0,450.0,430.0,290.0,290.0,273.0,304.0,Female,6.0,12.0,58000.0,1.0
198372,80000.0,230.0,360.0,329.0,349.0,322.0,354.0,Male,16.0,16.0,86000.0,1.0
198797,120000.0,460.0,510.0,300.0,305.0,288.0,327.0,Female,10.0,12.0,48000.0,0.0
199472,62000.0,570.0,570.0,375.0,383.0,375.0,385.0,Female,14.0,18.0,90250.0,1.0
201129,39000.0,760.0,660.0,400.0,400.0,380.0,373.0,Female,14.0,14.0,50500.0,1.0
201213,55000.0,280.0,360.0,323.0,295.0,293.0,325.0,Female,11.0,3.0,9179.0,1.0
201332,78000.0,360.0,540.0,280.0,273.0,255.0,272.0,Female,12.0,12.0,54800.0,0.0
201375,93000.0,660.0,640.0,357.0,388.0,325.0,378.0,Male,17.0,20.0,246474.0,1.0
202472,113000.0,490.0,500.0,300.0,351.0,338.0,354.0,Female,12.0,12.0,45000.0,1.0
203038,45000.0,460.0,470.0,367.0,295.0,310.0,340.0,Female,12.0,16.0,98000.0,1.0
208838,90000.0,530.0,520.0,333.0,383.0,330.0,341.0,Female,10.0,10.0,35038.0,0.0
211898,30000.0,380.0,450.0,207.0,295.0,167.0,282.0,Female,16.0,16.0,50000.0,0.0
212448,88000.0,530.0,620.0,373.0,355.0,244.0,334.0,Male,14.0,14.0,78700.0,1.0
214403,116000.0,580.0,710.0,375.0,354.0,381.0,375.0,Male,20.0,20.0,124000.0,1.0
215351,50000.0,430.0,520.0,325.0,363.0,363.0,365.0,Female,14.0,18.0,51800.0,1.0
217284,0.0,540.0,500.0,325.0,377.0,375.0,367.0,Female,12.0,12.0,52000.0,0.0
217823,51000.0,560.0,670.0,388.0,375.0,400.0,392.0,Male,16.0,18.0,49650.0,1.0
219342,2500.0,420.0,410.0,360.0,315.0,290.0,321.0,Female,16.0,16.0,80500.0,0.0
219460,50000.0,360.0,380.0,280.0,195.0,287.0,256.0,Male,12.0,12.0,53000.0,0.0
220007,75000.0,610.0,600.0,338.0,356.0,310.0,366.0,Female,11.0,12.0,101500.0,1.0
222439,95000.0,420.0,500.0,295.0,298.0,289.0,294.0,Male,16.0,18.0,246474.0,1.0
222717,40000.0,460.0,370.0,260.0,285.0,285.0,308.0,Male,12.0,12.0,36300.0,0.0
223768,30500.0,440.0,510.0,238.0,278.0,183.0,289.0,Female,14.0,14.0,4500.0,0.0
230827,90000.0,530.0,510.0,345.0,367.0,280.0,373.0,Female,18.0,13.0,135000.0,1.0
235533,90000.0,510.0,670.0,333.0,358.0,335.0,353.0,Male,16.0,18.0,246474.0,1.0
237544,43000.0,420.0,560.0,220.0,227.0,290.0,262.0,Male,12.0,12.0,28000.0,0.0
239875,69000.0,450.0,450.0,320.0,283.0,198.0,328.0,Female,16.0,16.0,246474.0,1.0
240404,25000.0,600.0,510.0,290.0,310.0,320.0,296.0,Male,12.0,12.0,46750.0,0.0
242263,40000.0,490.0,450.0,235.0,343.0,330.0,300.0,Female,18.0,16.0,43331.0,1.0
245587,42000.0,400.0,370.0,220.0,245.0,280.0,257.0,Male,13.0,12.0,27010.0,0.0
246282,40000.0,490.0,460.0,292.0,320.0,310.0,351.0,Female,13.0,12.0,40000.0,1.0
248411,82000.0,570.0,630.0,204.0,250.0,269.0,236.0,Male,14.0,12.0,42200.0,0.0
248813,89000.0,640.0,560.0,325.0,335.0,287.0,333.0,Male,16.0,15.0,109360.0,1.0
249570,75000.0,490.0,440.0,287.0,320.0,263.0,315.0,Male,6.0,16.0,88252.0,0.0
250666,140000.0,620.0,720.0,400.0,400.0,400.0,400.0,Female,16.0,14.0,110500.0,1.0
251252,45000.0,610.0,660.0,200.0,250.0,270.0,259.0,Male,12.0,12.0,37750.0,0.0
251343,34000.0,470.0,430.0,310.0,283.0,271.0,320.0,Female,12.0,20.0,30000.0,1.0
254683,235884.0,450.0,570.0,383.0,388.0,373.0,383.0,Male,16.0,16.0,35880.0,1.0
255168,113000.0,430.0,490.0,255.0,261.0,236.0,284.0,Male,16.0,16.0,54150.0,1.0
255652,60000.0,490.0,500.0,300.0,320.0,333.0,351.0,Male,13.0,12.0,36115.0,1.0
256533,36000.0,420.0,380.0,227.0,223.0,180.0,240.0,Female,12.0,11.0,23000.0,0.0
259272,124000.0,730.0,660.0,351.0,349.0,325.0,348.0,Male,16.0,16.0,96500.0,1.0
262949,60000.0,480.0,460.0,220.0,296.0,227.0,278.0,Female,14.0,14.0,35000.0,1.0
263649,32000.0,600.0,380.0,300.0,288.0,274.0,296.0,Male,12.0,12.0,27400.0,0.0
267125,40000.0,500.0,500.0,329.0,325.0,285.0,322.0,Female,14.0,16.0,100000.0,1.0
267135,53000.0,460.0,400.0,225.0,250.0,223.0,238.0,Female,14.0,15.0,87106.0,1.0
267254,100000.0,62.0,48.0,257.0,208.0,263.0,256.0,Female,18.0,19.0,65000.0,0.0
267756,50000.0,520.0,510.0,300.0,350.0,300.0,352.0,Female,14.0,12.0,55000.0,1.0
268217,235884.0,660.0,740.0,375.0,400.0,375.0,376.0,Male,16.0,13.0,246474.0,1.0
269655,36000.0,390.0,420.0,280.0,300.0,371.0,351.0,Female,12.0,12.0,20000.0,0.0
271961,62000.0,620.0,610.0,409.0,400.0,390.0,400.0,Male,12.0,12.0,31811.0,1.0
272116,50000.0,370.0,420.0,297.0,310.0,331.0,343.0,Female,11.0,12.0,30680.0,1.0
272591,75000.0,540.0,430.0,237.0,340.0,240.0,309.0,Female,16.0,20.0,75500.0,1.0
273560,50000.0,620.0,470.0,319.0,371.0,303.0,325.0,Female,13.0,19.0,43580.0,1.0
273678,32000.0,630.0,470.0,293.0,323.0,257.0,313.0,Female,12.0,12.0,64300.0,1.0
274596,97000.0,500.0,590.0,300.0,313.0,350.0,323.0,Male,12.0,13.0,40400.0,1.0
274702,30000.0,700.0,760.0,350.0,400.0,350.0,383.0,Female,19.0,19.0,47500.0,1.0
278334,61000.0,500.0,340.0,240.0,312.0,265.0,304.0,Female,16.0,16.0,76200.0,1.0
279048,75000.0,560.0,710.0,380.0,375.0,397.0,390.0,Male,17.0,18.0,246474.0,1.0
280130,47000.0,430.0,420.0,255.0,283.0,178.0,274.0,Female,15.0,18.0,79000.0,0.0
280254,25000.0,560.0,440.0,290.0,288.0,100.0,201.0,Male,18.0,16.0,159600.0,0.0
280738,235884.0,640.0,600.0,293.0,318.0,332.0,315.0,Male,14.0,14.0,90200.0,1.0
282698,80000.0,520.0,460.0,287.0,266.0,238.0,255.0,Female,16.0,16.0,106700.0,1.0
282777,40000.0,390.0,430.0,298.0,331.0,274.0,329.0,Female,14.0,12.0,79800.0,1.0
287206,38000.0,450.0,330.0,115.0,170.0,120.0,157.0,Male,12.0,12.0,38600.0,0.0
287305,75000.0,600.0,550.0,306.0,306.0,175.0,273.0,Female,16.0,18.0,800.0,1.0
293073,67000.0,480.0,630.0,333.0,309.0,400.0,345.0,Male,12.0,12.0,41500.0,0.0
295684,98500.0,590.0,620.0,300.0,325.0,300.0,335.0,Male,12.0,18.0,246474.0,1.0
297290,38000.0,410.0,380.0,363.0,354.0,307.0,362.0,Female,12.0,16.0,26700.0,1.0
299008,59000.0,600.0,630.0,325.0,300.0,345.0,332.0,Male,12.0,12.0,91722.0,1.0
300955,50000.0,430.0,320.0,280.0,323.0,288.0,330.0,Female,16.0,10.0,46000.0,1.0
301099,29000.0,400.0,400.0,287.0,290.0,320.0,313.0,Male,12.0,14.0,62450.0,0.0
301273,65000.0,520.0,500.0,227.0,300.0,290.0,287.0,Male,12.0,12.0,49000.0,1.0
304054,40000.0,360.0,440.0,173.0,173.0,313.0,231.0,Male,13.0,14.0,15500.0,0.0
310473,235884.0,590.0,640.0,300.0,375.0,320.0,326.0,Male,14.0,18.0,99828.0,1.0
313382,50000.0,550.0,410.0,287.0,313.0,287.0,329.0,Female,12.0,13.0,58500.0,1.0
313777,55000.0,480.0,580.0,345.0,350.0,375.0,343.0,Female,14.0,16.0,89000.0,1.0
315374,55000.0,430.0,470.0,388.0,363.0,400.0,387.0,Female,14.0,12.0,159200.0,1.0
317723,47000.0,400.0,210.0,350.0,290.0,320.0,332.0,Female,12.0,11.0,22000.0,0.0
324006,50543.0,490.0,460.0,300.0,284.0,289.0,319.0,Female,16.0,16.0,100500.0,1.0
324516,40000.0,740.0,660.0,340.0,392.0,352.0,362.0,Female,13.0,16.0,44891.0,1.0
326101,57000.0,400.0,450.0,297.0,298.0,325.0,355.0,Male,12.0,14.0,35260.0,0.0
326871,30000.0,530.0,600.0,293.0,320.0,280.0,335.0,Female,14.0,15.0,48000.0,1.0
329815,125000.0,720.0,760.0,400.0,400.0,400.0,400.0,Male,12.0,12.0,111100.0,1.0
333265,235884.0,510.0,640.0,326.0,323.0,343.0,360.0,Male,18.0,20.0,246474.0,0.0
337372,15000.0,590.0,530.0,328.0,317.0,359.0,338.0,Male,13.0,17.0,57200.0,0.0
339664,55000.0,350.0,440.0,300.0,333.0,293.0,333.0,Male,13.0,14.0,51015.0,0.0
342611,38000.0,460.0,500.0,285.0,290.0,280.0,294.0,Male,10.0,11.0,14500.0,0.0
343125,60000.0,460.0,470.0,280.0,315.0,295.0,321.0,Male,14.0,14.0,54000.0,0.0
345350,48000.0,710.0,630.0,350.0,274.0,384.0,348.0,Male,18.0,16.0,122950.0,1.0
346322,37000.0,630.0,720.0,338.0,343.0,373.0,336.0,Male,16.0,18.0,70000.0,1.0
351165,112700.0,720.0,610.0,300.0,350.0,350.0,348.0,Male,12.0,12.0,47500.0,1.0
352248,80000.0,560.0,330.0,185.0,246.0,168.0,203.0,Male,13.0,12.0,58000.0,0.0
352362,58000.0,460.0,430.0,350.0,350.0,160.0,317.0,Female,11.0,12.0,33200.0,0.0
352798,38000.0,600.0,480.0,340.0,367.0,360.0,364.0,Female,17.0,18.0,25057.0,1.0
353562,55000.0,650.0,440.0,233.0,224.0,243.0,239.0,Female,13.0,19.0,43580.0,1.0
356007,68000.0,360.0,380.0,310.0,240.0,278.0,306.0,Female,12.0,12.0,68620.0,1.0
357434,35000.0,640.0,440.0,350.0,388.0,338.0,372.0,Male,13.0,16.0,68000.0,1.0
357668,64000.0,470.0,490.0,327.0,350.0,320.0,362.0,Female,18.0,14.0,111000.0,1.0
360824,77000.0,490.0,520.0,290.0,360.0,300.0,343.0,Female,16.0,18.0,93000.0,1.0
362753,60000.0,380.0,370.0,294.0,310.0,285.0,324.0,Male,12.0,12.0,67500.0,0.0
363497,21000.0,480.0,490.0,197.0,254.0,189.0,235.0,Female,16.0,13.0,59500.0,1.0
364160,48000.0,600.0,600.0,330.0,418.0,383.0,349.0,Female,16.0,16.0,105000.0,1.0
364341,235884.0,510.0,580.0,338.0,304.0,316.0,337.0,Male,12.0,12.0,120000.0,1.0
365215,53000.0,410.0,440.0,325.0,346.0,350.0,325.0,Female,10.0,15.0,4500.0,1.0
365717,70000.0,470.0,500.0,293.0,267.0,285.0,308.0,Female,20.0,15.0,66200.0,0.0
366964,20000.0,480.0,320.0,330.0,368.0,230.0,344.0,Female,17.0,16.0,137750.0,1.0
372940,53000.0,330.0,470.0,293.0,235.0,317.0,266.0,Male,16.0,12.0,78042.0,0.0
374387,110000.0,500.0,550.0,371.0,360.0,305.0,369.0,Male,17.0,14.0,84100.0,1.0
375614,70000.0,510.0,380.0,287.0,245.0,150.0,261.0,Female,9.0,12.0,40000.0,1.0
375748,18000.0,670.0,710.0,400.0,388.0,338.0,370.0,Female,18.0,20.0,111750.0,1.0
376205,110000.0,580.0,550.0,301.0,306.0,340.0,335.0,Male,20.0,16.0,130800.0,1.0
377748,135000.0,560.0,720.0,400.0,378.0,400.0,395.0,Male,18.0,18.0,121250.0,1.0
381233,106000.0,450.0,550.0,166.0,235.0,243.0,269.0,Male,13.0,14.0,96633.0,1.0
381441,35000.0,590.0,480.0,216.0,213.0,163.0,225.0,Male,15.0,15.0,40750.0,0.0
383241,4000.0,410.0,360.0,290.0,280.0,188.0,266.0,Female,12.0,12.0,69420.0,1.0
386405,103000.0,540.0,520.0,300.0,296.0,324.0,322.0,Male,16.0,16.0,138000.0,1.0
387837,53000.0,660.0,690.0,378.0,376.0,385.0,377.0,Female,16.0,16.0,65096.0,1.0
391369,44000.0,630.0,440.0,350.0,310.0,325.0,337.0,Male,14.0,12.0,22900.0,0.0
391872,49000.0,300.0,400.0,285.0,285.0,240.0,283.0,Female,17.0,14.0,85000.0,1.0
392684,83000.0,460.0,490.0,313.0,320.0,320.0,347.0,Female,17.0,14.0,56759.0,1.0
394176,130000.0,560.0,690.0,333.0,373.0,333.0,369.0,Male,16.0,18.0,246474.0,1.0
394722,120000.0,490.0,430.0,260.0,283.0,276.0,281.0,Male,12.0,9.0,40000.0,0.0
396788,26000.0,590.0,630.0,375.0,350.0,400.0,378.0,Female,16.0,16.0,70550.0,1.0
397490,65000.0,390.0,430.0,268.0,326.0,263.0,295.0,Female,12.0,13.0,26000.0,1.0
399317,42000.0,410.0,480.0,367.0,340.0,350.0,368.0,Female,12.0,14.0,80900.0,0.0
399408,77000.0,470.0,480.0,350.0,344.0,325.0,363.0,Female,14.0,18.0,58055.0,1.0
401804,85000.0,500.0,570.0,363.0,400.0,388.0,392.0,Female,14.0,18.0,93000.0,1.0
405825,45000.0,410.0,310.0,285.0,284.0,200.0,292.0,Female,15.0,16.0,17500.0,0.0
406044,46000.0,330.0,390.0,280.0,300.0,250.0,299.0,Female,12.0,12.0,50025.0,0.0
406949,15000.0,500.0,540.0,266.0,337.0,253.0,329.0,Female,12.0,11.0,54000.0,0.0
407171,75000.0,480.0,540.0,303.0,300.0,293.0,323.0,Male,12.0,16.0,77000.0,1.0
407532,79000.0,610.0,540.0,350.0,309.0,311.0,330.0,Male,12.0,13.0,62000.0,0.0
413549,31000.0,410.0,410.0,31.0,165.0,170.0,199.0,Male,12.0,16.0,56200.0,1.0
416423,48000.0,480.0,430.0,282.0,288.0,251.0,298.0,Female,12.0,9.0,40500.0,0.0
416857,125000.0,580.0,720.0,395.0,350.0,396.0,396.0,Male,14.0,19.0,246474.0,1.0
417014,16000.0,600.0,520.0,313.0,355.0,316.0,365.0,Female,19.0,14.0,109500.0,1.0
418922,72000.0,620.0,630.0,297.0,356.0,350.0,348.0,Female,16.0,14.0,110500.0,1.0
420179,34000.0,410.0,400.0,170.0,277.0,170.0,218.0,Male,12.0,16.0,0.0,0.0
420417,35000.0,540.0,520.0,333.0,316.0,330.0,345.0,Female,14.0,12.0,57000.0,0.0
420824,62000.0,280.0,370.0,350.0,380.0,315.0,370.0,Female,12.0,14.0,86750.0,1.0
424252,22780.0,660.0,730.0,400.0,325.0,400.0,379.0,Male,12.0,16.0,50502.0,1.0
424951,100000.0,600.0,680.0,336.0,376.0,375.0,361.0,Male,16.0,16.0,115157.0,1.0
424956,8000.0,600.0,510.0,236.0,215.0,328.0,276.0,Male,18.0,18.0,80000.0,1.0
427154,3000.0,500.0,580.0,350.0,329.0,290.0,327.0,Female,13.0,12.0,132096.0,0.0
427651,33000.0,420.0,380.0,260.0,350.0,350.0,349.0,Female,12.0,14.0,31720.0,0.0
432218,67000.0,580.0,540.0,367.0,292.0,260.0,343.0,Female,12.0,12.0,92500.0,0.0
434873,20000.0,540.0,510.0,283.0,308.0,303.0,311.0,Female,12.0,16.0,39040.0,1.0
435123,40000.0,420.0,440.0,246.0,218.0,159.0,257.0,Female,12.0,12.0,35000.0,0.0
436132,130000.0,680.0,600.0,354.0,350.0,357.0,381.0,Male,16.0,16.0,86000.0,1.0
436433,45000.0,600.0,470.0,300.0,333.0,308.0,320.0,Female,16.0,13.0,59500.0,1.0
436868,67000.0,490.0,470.0,320.0,363.0,295.0,358.0,Male,14.0,13.0,61300.0,1.0
437259,62000.0,500.0,470.0,287.0,248.0,346.0,315.0,Male,15.0,15.0,60000.0,1.0
438110,47000.0,470.0,510.0,295.0,295.0,290.0,324.0,Male,20.0,17.0,111000.0,1.0
438734,15000.0,640.0,540.0,300.0,350.0,287.0,349.0,Male,18.0,15.0,141400.0,1.0
438889,10500.0,470.0,530.0,327.0,265.0,247.0,307.0,Female,13.0,16.0,44891.0,1.0
438899,27000.0,250.0,300.0,177.0,220.0,220.0,217.0,Female,6.0,17.0,9200.0,0.0
440371,15000.0,540.0,540.0,350.0,380.0,325.0,375.0,Female,10.0,20.0,56160.0,1.0
440874,15000.0,500.0,550.0,135.0,243.0,260.0,241.0,Female,15.0,15.0,40750.0,0.0
441214,40000.0,390.0,460.0,152.0,295.0,300.0,266.0,Female,16.0,14.0,17080.0,0.0
441290,50000.0,520.0,510.0,283.0,383.0,288.0,353.0,Female,16.0,16.0,74250.0,1.0
441530,30347.0,590.0,690.0,277.0,259.0,278.0,268.0,Male,16.0,12.0,87020.0,1.0
441696,57000.0,530.0,460.0,327.0,308.0,235.0,339.0,Female,8.0,5.0,29000.0,1.0
442181,50000.0,430.0,450.0,218.0,229.0,281.0,274.0,Female,14.0,18.0,246474.0,0.0
443153,70000.0,500.0,610.0,314.0,375.0,333.0,359.0,Male,18.0,16.0,139500.0,1.0
444527,28000.0,430.0,470.0,183.0,258.0,318.0,264.0,Female,13.0,13.0,17600.0,0.0
448244,84000.0,540.0,520.0,388.0,378.0,400.0,393.0,Female,16.0,14.0,55500.0,1.0
448940,105000.0,560.0,520.0,383.0,343.0,337.0,357.0,Female,15.0,14.0,246474.0,1.0
449277,65000.0,420.0,470.0,313.0,293.0,240.0,311.0,Male,12.0,12.0,42000.0,0.0
450789,55000.0,500.0,510.0,347.0,328.0,363.0,356.0,Female,16.0,20.0,40000.0,1.0
453537,60000.0,500.0,660.0,395.0,397.0,371.0,394.0,Male,14.0,14.0,43200.0,1.0
455313,46000.0,440.0,370.0,400.0,323.0,327.0,347.0,Female,9.0,16.0,3792.0,0.0
455523,65000.0,420.0,480.0,295.0,325.0,285.0,327.0,Male,12.0,12.0,101000.0,1.0
461546,40000.0,440.0,550.0,313.0,295.0,298.0,325.0,Male,14.0,12.0,17600.0,1.0
463815,80000.0,430.0,390.0,280.0,110.0,280.0,174.0,Male,13.0,16.0,57380.0,0.0
464131,74674.0,670.0,720.0,405.0,349.0,407.0,360.0,Male,16.0,16.0,68000.0,1.0
470267,28000.0,400.0,470.0,287.0,240.0,227.0,279.0,Female,12.0,14.0,67700.0,0.0
472457,83000.0,420.0,490.0,245.0,298.0,227.0,303.0,Male,18.0,16.0,78000.0,1.0
473014,235884.0,710.0,660.0,356.0,386.0,310.0,378.0,Female,16.0,16.0,31000.0,1.0
473586,60000.0,360.0,450.0,315.0,295.0,245.0,293.0,Female,14.0,12.0,29600.0,0.0
474700,75000.0,480.0,430.0,295.0,291.0,220.0,283.0,Female,18.0,12.0,59000.0,0.0
475910,63000.0,300.0,240.0,290.0,280.0,287.0,290.0,Male,12.0,14.0,75000.0,0.0
477503,100500.0,410.0,470.0,323.0,338.0,308.0,340.0,Male,12.0,12.0,83130.0,1.0
479832,26000.0,580.0,490.0,359.0,380.0,321.0,364.0,Female,12.0,7.0,53500.0,0.0
480104,38000.0,600.0,650.0,388.0,350.0,400.0,381.0,Female,14.0,14.0,67200.0,1.0
481387,40000.0,650.0,530.0,346.0,378.0,314.0,369.0,Female,13.0,14.0,70120.0,1.0
481711,31139.0,400.0,400.0,300.0,318.0,290.0,322.0,Female,13.0,13.0,45600.0,1.0
482033,13000.0,610.0,460.0,287.0,270.0,280.0,302.0,Female,18.0,16.0,17180.0,0.0
484345,70000.0,570.0,590.0,297.0,308.0,323.0,316.0,Male,16.0,10.0,110000.0,1.0
484862,105000.0,580.0,660.0,333.0,375.0,363.0,365.0,Female,17.0,16.0,246474.0,1.0
486087,500.0,360.0,410.0,285.0,240.0,190.0,284.0,Female,16.0,12.0,32900.0,0.0
486524,48000.0,540.0,510.0,190.0,145.0,168.0,191.0,Male,16.0,12.0,46800.0,0.0
486555,110000.0,490.0,470.0,300.0,295.0,295.0,313.0,Female,15.0,19.0,81500.0,1.0
486711,235884.0,510.0,440.0,277.0,352.0,277.0,334.0,Male,12.0,12.0,48900.0,1.0
486789,145000.0,470.0,510.0,320.0,268.0,303.0,320.0,Female,16.0,18.0,70000.0,1.0
487047,235884.0,490.0,580.0,367.0,288.0,355.0,347.0,Female,18.0,20.0,246474.0,1.0
487206,60000.0,530.0,470.0,190.0,245.0,220.0,175.0,Female,12.0,12.0,75000.0,1.0
487716,150.0,590.0,660.0,290.0,290.0,200.0,284.0,Male,16.0,14.0,61200.0,0.0
487730,25000.0,360.0,410.0,150.0,184.0,253.0,248.0,Male,13.0,16.0,70000.0,0.0
489150,54000.0,360.0,410.0,240.0,254.0,173.0,261.0,Female,12.0,7.0,53500.0,0.0
489434,36000.0,520.0,550.0,287.0,310.0,320.0,322.0,Male,10.0,10.0,14400.0,0.0
490198,38500.0,530.0,380.0,345.0,320.0,313.0,357.0,Male,12.0,8.0,71320.0,1.0
490546,50000.0,560.0,600.0,283.0,280.0,263.0,276.0,Male,16.0,16.0,246474.0,0.0
493604,20000.0,680.0,710.0,400.0,400.0,327.0,275.0,Female,16.0,19.0,58300.0,1.0
495170,48000.0,560.0,460.0,350.0,325.0,295.0,363.0,Female,16.0,18.0,53100.0,1.0
496179,50000.0,430.0,440.0,307.0,346.0,290.0,337.0,Female,16.0,19.0,69300.0,1.0
498921,30000.0,600.0,610.0,350.0,358.0,330.0,362.0,Male,18.0,20.0,53500.0,1.0
499441,37000.0,530.0,650.0,320.0,313.0,257.0,309.0,Male,12.0,12.0,39508.0,0.0
502904,9000.0,360.0,330.0,283.0,288.0,285.0,302.0,Female,10.0,12.0,7390.0,0.0
504812,47500.0,580.0,510.0,300.0,378.0,327.0,371.0,Female,12.0,12.0,64500.0,1.0
505121,31000.0,570.0,640.0,400.0,389.0,400.0,386.0,Female,10.0,12.0,23475.0,0.0
505197,1700.0,500.0,400.0,370.0,400.0,370.0,380.0,Female,12.0,13.0,40000.0,1.0
509807,90000.0,580.0,650.0,283.0,329.0,360.0,317.0,Male,16.0,14.0,17000.0,1.0
511508,61000.0,440.0,470.0,287.0,300.0,290.0,284.0,Female,14.0,12.0,65000.0,1.0
511920,85000.0,470.0,480.0,255.0,326.0,287.0,322.0,Female,16.0,20.0,76400.0,1.0
512603,56000.0,560.0,560.0,300.0,267.0,360.0,325.0,Male,16.0,14.0,5760.0,1.0
517285,50000.0,430.0,380.0,293.0,311.0,245.0,301.0,Male,14.0,18.0,95600.0,0.0
522049,42000.0,520.0,620.0,360.0,375.0,350.0,374.0,Female,14.0,13.0,60100.0,1.0
522168,35000.0,540.0,470.0,280.0,227.0,240.0,206.0,Male,14.0,12.0,50500.0,0.0
522246,0.0,400.0,520.0,332.0,267.0,245.0,306.0,Male,16.0,18.0,53100.0,0.0
524869,85000.0,580.0,610.0,383.0,344.0,360.0,380.0,Male,12.0,10.0,42990.0,1.0
525005,18000.0,580.0,580.0,325.0,400.0,375.0,376.0,Female,12.0,12.0,40000.0,0.0
525067,53000.0,550.0,630.0,315.0,290.0,316.0,329.0,Male,14.0,13.0,60100.0,1.0
525278,59000.0,360.0,410.0,300.0,400.0,350.0,373.0,Female,12.0,12.0,18000.0,1.0
526598,34000.0,480.0,530.0,280.0,280.0,305.0,303.0,Male,16.0,19.0,33000.0,1.0
528255,37000.0,600.0,700.0,327.0,388.0,345.0,376.0,Female,13.0,16.0,80000.0,1.0
529478,67000.0,440.0,420.0,160.0,235.0,220.0,242.0,Female,14.0,12.0,26600.0,1.0
530921,30600.0,730.0,650.0,331.0,400.0,293.0,361.0,Female,16.0,16.0,24000.0,1.0
532005,55000.0,450.0,510.0,284.0,276.0,320.0,333.0,Male,13.0,13.0,97400.0,0.0
532190,35000.0,790.0,710.0,261.0,373.0,310.0,347.0,Male,16.0,18.0,128750.0,1.0
538451,30000.0,390.0,370.0,227.0,315.0,288.0,317.0,Female,13.0,12.0,41270.0,1.0
539152,30000.0,450.0,490.0,293.0,300.0,310.0,313.0,Male,13.0,15.0,35050.0,1.0
539423,3000.0,590.0,570.0,320.0,289.0,312.0,324.0,Female,16.0,16.0,41000.0,0.0
541036,58000.0,410.0,490.0,367.0,350.0,333.0,356.0,Female,20.0,12.0,123000.0,1.0
542516,43000.0,600.0,560.0,333.0,368.0,388.0,355.0,Female,10.0,12.0,23475.0,1.0
544529,46000.0,430.0,430.0,291.0,305.0,190.0,300.0,Male,16.0,16.0,9000.0,1.0
546013,55000.0,450.0,510.0,333.0,356.0,363.0,366.0,Female,16.0,16.0,65700.0,1.0
546175,40000.0,520.0,400.0,273.0,283.0,253.0,281.0,Male,17.0,14.0,92500.0,1.0
547015,55000.0,440.0,520.0,307.0,310.0,313.0,335.0,Male,7.0,12.0,18800.0,0.0
547954,41300.0,650.0,570.0,364.0,391.0,306.0,376.0,Female,14.0,18.0,49700.0,1.0
548718,85000.0,540.0,620.0,373.0,360.0,348.0,360.0,Female,4.0,15.0,35000.0,1.0
548816,130000.0,730.0,770.0,383.0,408.0,400.0,391.0,Male,16.0,16.0,48000.0,1.0
549350,32000.0,560.0,560.0,333.0,340.0,375.0,369.0,Female,14.0,16.0,79000.0,1.0
552637,120000.0,520.0,480.0,190.0,231.0,206.0,233.0,Male,12.0,12.0,35469.0,1.0
552778,69000.0,530.0,530.0,333.0,350.0,375.0,344.0,Female,12.0,12.0,81300.0,1.0
554047,90000.0,430.0,580.0,375.0,400.0,375.0,392.0,Female,14.0,16.0,156000.0,1.0
555736,15000.0,600.0,440.0,260.0,270.0,325.0,324.0,Female,13.0,12.0,32010.0,1.0
556245,70000.0,570.0,700.0,400.0,370.0,393.0,402.0,Male,16.0,17.0,41000.0,1.0
556256,235884.0,570.0,650.0,218.0,278.0,243.0,278.0,Male,16.0,16.0,70000.0,1.0
557247,40000.0,490.0,450.0,280.0,323.0,280.0,278.0,Female,19.0,18.0,85250.0,1.0
557676,30000.0,460.0,410.0,203.0,203.0,203.0,230.0,Male,14.0,14.0,77900.0,0.0
559350,47500.0,620.0,610.0,329.0,369.0,310.0,357.0,Female,16.0,16.0,75000.0,1.0
560114,28000.0,720.0,480.0,300.0,224.0,208.0,243.0,Male,12.0,12.0,55500.0,0.0
561561,40000.0,360.0,460.0,126.0,120.0,235.0,200.0,Male,14.0,16.0,62040.0,0.0
564668,40000.0,550.0,680.0,400.0,388.0,363.0,391.0,Female,16.0,20.0,50300.0,1.0
565464,80000.0,500.0,500.0,287.0,272.0,145.0,255.0,Male,12.0,12.0,56100.0,0.0
565924,92000.0,600.0,590.0,338.0,373.0,386.0,380.0,Female,18.0,19.0,103500.0,1.0
566248,88000.0,730.0,660.0,400.0,400.0,400.0,400.0,Male,14.0,12.0,51512.0,1.0
567343,85000.0,380.0,300.0,287.0,293.0,167.0,280.0,Male,18.0,18.0,101300.0,1.0
567421,72000.0,510.0,510.0,283.0,396.0,333.0,332.0,Female,16.0,17.0,37609.0,1.0
567886,78000.0,420.0,430.0,363.0,298.0,323.0,355.0,Female,13.0,12.0,3000.0,1.0
572677,17000.0,430.0,490.0,260.0,260.0,238.0,292.0,Female,16.0,14.0,76750.0,0.0
572741,80000.0,490.0,480.0,245.0,262.0,129.0,223.0,Male,14.0,14.0,63750.0,0.0
577728,63000.0,560.0,680.0,288.0,296.0,339.0,320.0,Male,16.0,16.0,30000.0,1.0
580363,42000.0,410.0,380.0,333.0,358.0,280.0,341.0,Female,12.0,12.0,32000.0,0.0
584387,40000.0,800.0,750.0,395.0,389.0,391.0,395.0,Female,16.0,16.0,96500.0,1.0
586649,110000.0,560.0,590.0,306.0,310.0,326.0,352.0,Female,10.0,11.0,22000.0,1.0
590847,2500.0,570.0,540.0,230.0,288.0,340.0,296.0,Female,13.0,16.0,67120.0,0.0
592782,48000.0,370.0,330.0,265.0,242.0,268.0,283.0,Male,8.0,6.0,11000.0,0.0
593289,73000.0,580.0,490.0,325.0,393.0,298.0,362.0,Female,10.0,12.0,30000.0,1.0
594446,115000.0,530.0,530.0,303.0,295.0,325.0,317.0,Male,16.0,14.0,93000.0,1.0
595362,12000.0,640.0,520.0,338.0,378.0,290.0,361.0,Female,15.0,15.0,35000.0,0.0
599236,68000.0,560.0,470.0,286.0,285.0,220.0,288.0,Male,9.0,12.0,45200.0,1.0
602788,50000.0,380.0,380.0,270.0,300.0,333.0,330.0,Male,12.0,14.0,35260.0,0.0
604368,100000.0,630.0,600.0,367.0,375.0,363.0,387.0,Female,20.0,18.0,63750.0,1.0
609167,30000.0,620.0,530.0,204.0,170.0,228.0,203.0,Male,14.0,14.0,150000.0,1.0
610478,70000.0,450.0,410.0,317.0,190.0,220.0,258.0,Female,12.0,13.0,47200.0,1.0
612448,75000.0,520.0,520.0,312.0,245.0,252.0,298.0,Female,12.0,14.0,99000.0,0.0
612599,100000.0,640.0,540.0,199.0,190.0,151.0,253.0,Male,17.0,18.0,39604.0,0.0
612636,65000.0,600.0,570.0,400.0,360.0,363.0,376.0,Female,13.0,16.0,53750.0,1.0
613058,30000.0,370.0,360.0,253.0,276.0,243.0,284.0,Female,14.0,14.0,66025.0,1.0
613200,235884.0,660.0,750.0,400.0,400.0,400.0,387.0,Male,16.0,16.0,75100.0,1.0
613975,235884.0,580.0,760.0,350.0,400.0,311.0,363.0,Female,18.0,20.0,111750.0,1.0
615343,105000.0,580.0,640.0,360.0,350.0,375.0,342.0,Male,12.0,9.0,28100.0,1.0
615612,60000.0,410.0,400.0,288.0,295.0,220.0,316.0,Female,12.0,12.0,64500.0,1.0
617721,50000.0,530.0,510.0,250.0,263.0,136.0,276.0,Female,16.0,12.0,61050.0,1.0
620957,32000.0,360.0,410.0,266.0,275.0,208.0,249.0,Male,12.0,12.0,31750.0,0.0
621748,30000.0,500.0,410.0,310.0,372.0,398.0,362.0,Female,13.0,12.0,49000.0,1.0
621910,2000.0,430.0,370.0,360.0,383.0,285.0,351.0,Female,17.0,12.0,69300.0,0.0
623704,30000.0,300.0,380.0,293.0,283.0,212.0,295.0,Male,12.0,12.0,12000.0,1.0
624496,50000.0,480.0,330.0,124.0,255.0,106.0,258.0,Male,16.0,14.0,58000.0,0.0
626119,20000.0,360.0,350.0,290.0,262.0,290.0,292.0,Male,11.0,12.0,43500.0,0.0
631004,50000.0,280.0,290.0,313.0,350.0,305.0,348.0,Female,7.0,16.0,28000.0,1.0
631659,20000.0,520.0,500.0,157.0,150.0,143.0,192.0,Male,15.0,18.0,31000.0,0.0
632086,87000.0,510.0,410.0,306.0,325.0,315.0,336.0,Female,18.0,16.0,78000.0,1.0
635695,38000.0,420.0,480.0,320.0,357.0,253.0,343.0,Female,12.0,14.0,37000.0,1.0
636640,45000.0,350.0,300.0,315.0,339.0,307.0,338.0,Male,12.0,11.0,8500.0,0.0
637871,7000.0,630.0,610.0,325.0,384.0,324.0,363.0,Female,13.0,9.0,21700.0,0.0
639701,125000.0,580.0,710.0,410.0,400.0,408.0,411.0,Female,16.0,16.0,55500.0,1.0
640995,23000.0,570.0,490.0,287.0,300.0,300.0,322.0,Female,8.0,15.0,56100.0,0.0
641410,90000.0,560.0,680.0,400.0,400.0,400.0,397.0,Female,14.0,12.0,25400.0,1.0
643057,35000.0,430.0,400.0,86.0,270.0,167.0,205.0,Female,16.0,16.0,87000.0,0.0
643701,45000.0,400.0,470.0,265.0,287.0,108.0,238.0,Male,12.0,12.0,5800.0,0.0
645101,54000.0,360.0,450.0,287.0,245.0,293.0,306.0,Male,12.0,17.0,94375.0,1.0
645729,235884.0,540.0,600.0,320.0,329.0,295.0,345.0,Male,10.0,16.0,21613.0,1.0
651574,65000.0,410.0,540.0,273.0,355.0,320.0,360.0,Female,13.0,13.0,62050.0,1.0
653890,34000.0,470.0,500.0,350.0,330.0,335.0,351.0,Female,14.0,12.0,32000.0,1.0
654240,65000.0,550.0,690.0,386.0,345.0,382.0,335.0,Male,12.0,18.0,83400.0,1.0
655441,8240.0,570.0,530.0,367.0,375.0,345.0,357.0,Female,12.0,11.0,8127.0,0.0
656359,50000.0,510.0,590.0,280.0,190.0,235.0,248.0,Male,14.0,14.0,77900.0,0.0
659675,70000.0,500.0,560.0,300.0,300.0,300.0,337.0,Male,15.0,12.0,8140.0,1.0
659959,97000.0,580.0,670.0,400.0,354.0,415.0,341.0,Female,16.0,15.0,161800.0,1.0
661215,235884.0,570.0,550.0,363.0,330.0,325.0,368.0,Male,16.0,18.0,70000.0,1.0
663042,64000.0,450.0,390.0,320.0,320.0,300.0,302.0,Female,14.0,16.0,100000.0,1.0
666973,125000.0,500.0,540.0,259.0,245.0,268.0,240.0,Female,12.0,13.0,114600.0,1.0
667191,53000.0,470.0,450.0,303.0,273.0,310.0,327.0,Male,14.0,14.0,67250.0,0.0
667848,35000.0,360.0,360.0,287.0,320.0,272.0,305.0,Female,13.0,16.0,50500.0,1.0
668123,65000.0,600.0,470.0,310.0,375.0,297.0,347.0,Female,14.0,14.0,46500.0,1.0
668585,4625.0,630.0,640.0,329.0,325.0,352.0,342.0,Female,16.0,18.0,70000.0,1.0
675059,63000.0,420.0,650.0,318.0,165.0,363.0,307.0,Male,16.0,14.0,22200.0,1.0
681046,42000.0,480.0,430.0,293.0,315.0,195.0,316.0,Female,15.0,12.0,48400.0,1.0
681232,0.0,410.0,460.0,317.0,324.0,323.0,324.0,Female,18.0,18.0,51500.0,0.0
681269,110000.0,560.0,720.0,406.0,383.0,415.0,404.0,Male,18.0,18.0,121250.0,1.0
681278,108000.0,590.0,600.0,335.0,300.0,315.0,319.0,Female,18.0,20.0,246474.0,1.0
686884,42500.0,540.0,370.0,300.0,371.0,280.0,363.0,Female,16.0,18.0,30000.0,1.0
686996,78000.0,590.0,560.0,367.0,367.0,375.0,313.0,Female,13.0,13.0,24850.0,1.0
688853,50000.0,270.0,440.0,227.0,190.0,160.0,245.0,Male,12.0,12.0,23434.0,0.0
689708,34000.0,540.0,470.0,400.0,320.0,290.0,341.0,Male,13.0,18.0,81000.0,0.0
693026,21000.0,420.0,430.0,333.0,308.0,350.0,353.0,Female,12.0,14.0,159000.0,0.0
695184,5000.0,420.0,330.0,253.0,228.0,235.0,270.0,Female,11.0,10.0,21000.0,0.0
697502,48000.0,460.0,480.0,287.0,311.0,280.0,337.0,Male,12.0,12.0,37356.0,1.0
698054,44000.0,450.0,380.0,220.0,298.0,203.0,294.0,Female,14.0,12.0,29400.0,0.0
698519,35000.0,370.0,240.0,293.0,342.0,280.0,314.0,Female,15.0,12.0,50220.0,0.0
699599,65000.0,540.0,410.0,280.0,320.0,312.0,316.0,Female,16.0,12.0,52425.0,1.0
700234,45000.0,440.0,370.0,247.0,285.0,220.0,276.0,Female,12.0,16.0,33500.0,0.0
700476,98000.0,540.0,470.0,323.0,350.0,313.0,346.0,Female,12.0,12.0,22000.0,1.0
701138,90000.0,350.0,440.0,215.0,306.0,208.0,298.0,Male,12.0,16.0,120000.0,1.0
703230,235884.0,530.0,480.0,320.0,300.0,316.0,349.0,Male,19.0,20.0,123000.0,1.0
703940,235884.0,690.0,680.0,291.0,151.0,324.0,248.0,Female,15.0,18.0,246474.0,1.0
704048,95000.0,680.0,560.0,300.0,325.0,400.0,371.0,Female,16.0,16.0,77610.0,1.0
704442,125000.0,440.0,480.0,160.0,320.0,125.0,258.0,Female,1.0,10.0,15400.0,1.0
705029,36000.0,440.0,420.0,287.0,290.0,248.0,316.0,Female,18.0,16.0,67182.0,1.0
705099,22000.0,620.0,530.0,300.0,312.0,295.0,325.0,Male,18.0,18.0,41288.0,1.0
707781,42000.0,480.0,390.0,231.0,240.0,245.0,244.0,Female,12.0,16.0,20500.0,0.0
708109,35000.0,560.0,430.0,327.0,296.0,292.0,348.0,Male,16.0,20.0,53050.0,1.0
708130,65500.0,430.0,360.0,273.0,304.0,282.0,323.0,Male,14.0,14.0,64000.0,1.0
709844,5000.0,550.0,420.0,255.0,290.0,237.0,290.0,Female,13.0,17.0,64040.0,1.0
710955,40000.0,310.0,260.0,160.0,100.0,212.0,213.0,Male,14.0,12.0,42200.0,0.0
712630,235884.0,560.0,540.0,307.0,363.0,255.0,358.0,Female,16.0,12.0,62000.0,1.0
717935,63000.0,460.0,490.0,280.0,300.0,285.0,308.0,Female,13.0,16.0,75673.0,1.0
721008,42000.0,780.0,620.0,378.0,318.0,308.0,334.0,Female,14.0,12.0,35000.0,1.0
725046,28000.0,690.0,520.0,350.0,375.0,333.0,340.0,Female,15.0,19.0,52100.0,1.0
726201,57000.0,460.0,440.0,300.0,362.0,350.0,319.0,Female,18.0,11.0,80000.0,1.0
727918,36000.0,480.0,550.0,345.0,321.0,261.0,333.0,Female,16.0,16.0,54300.0,1.0
731939,20000.0,540.0,510.0,280.0,310.0,375.0,332.0,Female,16.0,16.0,90200.0,0.0
732792,37000.0,500.0,670.0,323.0,276.0,296.0,317.0,Male,16.0,16.0,64700.0,0.0
733377,59000.0,420.0,320.0,227.0,237.0,220.0,269.0,Female,12.0,12.0,49800.0,1.0
735859,57000.0,460.0,460.0,345.0,350.0,320.0,357.0,Male,14.0,14.0,60300.0,1.0
737296,103000.0,370.0,320.0,290.0,177.0,208.0,261.0,Male,11.0,11.0,71100.0,0.0
738080,0.0,430.0,380.0,273.0,313.0,193.0,266.0,Female,12.0,12.0,43500.0,1.0
739243,48000.0,470.0,550.0,228.0,280.0,273.0,287.0,Male,12.0,14.0,55000.0,0.0
739668,62000.0,440.0,480.0,280.0,284.0,280.0,292.0,Female,15.0,14.0,41000.0,0.0
740511,40000.0,490.0,560.0,300.0,350.0,300.0,296.0,Female,16.0,16.0,51950.0,1.0
749172,127000.0,570.0,650.0,350.0,375.0,295.0,317.0,Male,16.0,16.0,72100.0,1.0
749298,55000.0,490.0,550.0,270.0,342.0,223.0,305.0,Female,14.0,12.0,28400.0,1.0
749356,60000.0,550.0,600.0,333.0,307.0,345.0,332.0,Male,13.0,13.0,24850.0,1.0
753260,110000.0,530.0,580.0,306.0,295.0,318.0,331.0,Male,17.0,19.0,107700.0,1.0
754331,14000.0,690.0,610.0,313.0,381.0,338.0,363.0,Male,17.0,15.0,52000.0,1.0
755680,54000.0,630.0,500.0,295.0,289.0,287.0,303.0,Female,12.0,12.0,50000.0,1.0
755736,23000.0,320.0,440.0,317.0,293.0,244.0,286.0,Female,12.0,12.0,56010.0,1.0
757407,50000.0,710.0,680.0,375.0,400.0,350.0,386.0,Female,20.0,20.0,60000.0,1.0
758196,79000.0,550.0,620.0,325.0,314.0,292.0,348.0,Male,13.0,16.0,68013.0,1.0
759874,0.0,330.0,390.0,364.0,389.0,373.0,377.0,Female,16.0,12.0,23500.0,1.0
760568,87500.0,730.0,720.0,375.0,376.0,375.0,372.0,Male,12.0,20.0,82100.0,1.0
761094,17000.0,550.0,560.0,320.0,318.0,335.0,310.0,Female,16.0,16.0,87000.0,1.0
761644,114000.0,700.0,710.0,400.0,400.0,348.0,389.0,Male,16.0,18.0,55000.0,1.0
762639,45000.0,550.0,480.0,315.0,320.0,295.0,329.0,Male,20.0,20.0,60000.0,1.0
763628,128000.0,600.0,580.0,400.0,400.0,375.0,396.0,Male,14.0,12.0,100000.0,1.0
764845,13292.0,580.0,580.0,350.0,338.0,290.0,351.0,Female,14.0,16.0,32000.0,1.0
766959,110000.0,340.0,400.0,287.0,190.0,220.0,278.0,Male,13.0,15.0,63997.0,1.0
768777,75000.0,580.0,600.0,303.0,245.0,227.0,293.0,Male,16.0,14.0,127000.0,0.0
770776,35000.0,340.0,390.0,190.0,285.0,290.0,278.0,Male,13.0,12.0,36115.0,0.0
771963,44000.0,480.0,530.0,287.0,340.0,295.0,332.0,Male,16.0,16.0,48400.0,0.0
773092,30000.0,480.0,540.0,287.0,295.0,367.0,329.0,Female,16.0,14.0,17080.0,0.0
777147,38000.0,420.0,610.0,329.0,325.0,393.0,356.0,Female,12.0,12.0,103110.0,0.0
777472,71000.0,760.0,760.0,383.0,400.0,400.0,398.0,Female,17.0,19.0,158000.0,1.0
777830,91000.0,650.0,630.0,310.0,330.0,310.0,323.0,Female,16.0,18.0,131000.0,1.0
779631,235884.0,640.0,720.0,379.0,375.0,400.0,391.0,Male,16.0,14.0,50501.0,1.0
780303,90000.0,660.0,510.0,330.0,375.0,303.0,314.0,Male,16.0,19.0,135000.0,1.0
780680,140000.0,700.0,720.0,396.0,408.0,389.0,390.0,Female,17.0,16.0,137500.0,1.0
782031,139000.0,580.0,420.0,333.0,388.0,287.0,353.0,Male,16.0,16.0,115000.0,1.0
782720,70000.0,420.0,530.0,328.0,333.0,325.0,330.0,Male,12.0,13.0,76000.0,1.0
783071,235884.0,770.0,710.0,371.0,375.0,350.0,365.0,Female,16.0,16.0,104000.0,1.0
783715,105000.0,490.0,670.0,290.0,333.0,273.0,284.0,Female,16.0,16.0,140000.0,1.0
786240,107000.0,800.0,740.0,400.0,400.0,400.0,376.0,Male,18.0,18.0,111750.0,1.0
786243,49845.0,520.0,530.0,313.0,309.0,328.0,311.0,Male,17.0,18.0,149250.0,1.0
790547,130000.0,370.0,430.0,190.0,271.0,284.0,277.0,Male,12.0,12.0,55000.0,0.0
793717,36000.0,540.0,420.0,277.0,290.0,215.0,287.0,Female,14.0,16.0,107500.0,1.0
796179,34000.0,280.0,400.0,381.0,358.0,388.0,375.0,Female,5.0,15.0,20000.0,1.0
798449,120000.0,560.0,430.0,249.0,288.0,289.0,266.0,Male,13.0,13.0,60300.0,1.0
799218,105000.0,430.0,340.0,185.0,280.0,145.0,239.0,Male,14.0,14.0,21000.0,1.0
800479,60000.0,480.0,510.0,290.0,285.0,303.0,311.0,Male,14.0,12.0,28500.0,0.0
800527,90000.0,530.0,560.0,310.0,273.0,266.0,295.0,Male,12.0,14.0,60500.0,1.0
800764,55000.0,350.0,310.0,219.0,164.0,250.0,267.0,Female,12.0,10.0,6228.0,1.0
801379,50000.0,580.0,400.0,280.0,222.0,220.0,268.0,Male,16.0,20.0,84000.0,1.0
802542,93000.0,550.0,580.0,295.0,303.0,300.0,312.0,Female,8.0,15.0,56100.0,1.0
803489,70000.0,590.0,660.0,313.0,341.0,341.0,368.0,Male,12.0,14.0,40500.0,1.0
803751,42000.0,420.0,540.0,313.0,295.0,238.0,315.0,Male,17.0,10.0,70000.0,1.0
803902,50000.0,570.0,510.0,351.0,370.0,317.0,332.0,Female,20.0,18.0,113750.0,1.0
808149,109000.0,650.0,610.0,343.0,392.0,309.0,365.0,Male,18.0,20.0,89000.0,1.0
808281,95000.0,590.0,620.0,223.0,358.0,329.0,352.0,Female,17.0,17.0,56100.0,1.0
809901,48000.0,470.0,450.0,220.0,287.0,268.0,295.0,Female,12.0,8.0,82250.0,1.0
810809,50000.0,340.0,440.0,330.0,320.0,310.0,333.0,Female,12.0,12.0,11050.0,0.0
812869,69000.0,710.0,720.0,400.0,400.0,400.0,399.0,Female,16.0,20.0,61000.0,1.0
816404,40000.0,540.0,490.0,285.0,329.0,233.0,334.0,Female,15.0,12.0,27610.0,1.0
816780,20000.0,420.0,270.0,267.0,293.0,255.0,261.0,Male,18.0,18.0,246474.0,0.0
817630,50000.0,580.0,540.0,388.0,370.0,363.0,356.0,Female,12.0,12.0,22600.0,1.0
818298,38000.0,410.0,460.0,277.0,283.0,305.0,313.0,Male,12.0,12.0,23000.0,0.0
820922,119000.0,560.0,390.0,325.0,301.0,293.0,241.0,Male,12.0,16.0,78400.0,0.0
823325,74000.0,760.0,730.0,345.0,290.0,295.0,320.0,Female,18.0,18.0,80300.0,1.0
823410,39000.0,480.0,520.0,220.0,308.0,227.0,283.0,Male,12.0,12.0,9400.0,0.0
823534,43000.0,500.0,480.0,288.0,330.0,237.0,305.0,Female,13.0,18.0,92600.0,1.0
826299,42500.0,570.0,540.0,400.0,375.0,348.0,386.0,Female,12.0,15.0,14400.0,1.0
826332,5000.0,340.0,400.0,100.0,235.0,190.0,235.0,Female,12.0,16.0,73100.0,1.0
828061,30000.0,520.0,450.0,148.0,235.0,78.0,215.0,Male,16.0,16.0,74250.0,0.0
832084,235884.0,590.0,660.0,400.0,400.0,400.0,400.0,Male,14.0,12.0,36000.0,1.0
832085,53000.0,470.0,560.0,353.0,318.0,347.0,342.0,Male,14.0,12.0,61600.0,0.0
832148,58000.0,400.0,470.0,383.0,356.0,325.0,365.0,Female,13.0,12.0,72500.0,1.0
832568,92000.0,510.0,440.0,292.0,235.0,267.0,273.0,Male,12.0,14.0,67000.0,1.0
834609,120000.0,530.0,530.0,333.0,340.0,367.0,365.0,Female,16.0,16.0,46000.0,1.0
836819,25000.0,500.0,490.0,298.0,318.0,316.0,309.0,Female,12.0,12.0,52200.0,0.0
839248,35000.0,570.0,600.0,310.0,245.0,325.0,289.0,Male,13.0,12.0,60000.0,0.0
840080,235884.0,560.0,600.0,293.0,285.0,295.0,267.0,Male,16.0,18.0,110000.0,1.0
841071,22000.0,350.0,430.0,200.0,198.0,160.0,169.0,Male,14.0,12.0,105500.0,0.0
841753,85000.0,460.0,510.0,317.0,317.0,317.0,357.0,Male,13.0,12.0,36370.0,0.0
841827,83000.0,570.0,530.0,330.0,349.0,330.0,370.0,Female,12.0,14.0,40500.0,1.0
844096,18000.0,550.0,480.0,290.0,340.0,300.0,296.0,Female,16.0,16.0,40500.0,0.0
847473,30000.0,660.0,590.0,270.0,280.0,270.0,320.0,Male,12.0,12.0,93320.0,0.0
851259,63000.0,440.0,400.0,247.0,288.0,147.0,233.0,Male,18.0,16.0,112800.0,1.0
853546,28000.0,640.0,670.0,350.0,345.0,275.0,367.0,Male,14.0,12.0,16000.0,1.0
854483,40000.0,470.0,600.0,293.0,283.0,273.0,302.0,Male,14.0,16.0,38000.0,1.0
855569,120000.0,470.0,540.0,251.0,196.0,290.0,299.0,Male,11.0,14.0,37500.0,1.0
856114,35000.0,530.0,380.0,306.0,324.0,280.0,299.0,Female,16.0,20.0,138750.0,1.0
859095,28000.0,330.0,390.0,235.0,303.0,160.0,304.0,Female,12.0,12.0,37000.0,0.0
859208,38175.0,420.0,440.0,280.0,291.0,266.0,307.0,Female,14.0,16.0,89676.0,0.0
859684,42000.0,490.0,480.0,297.0,302.0,328.0,313.0,Female,16.0,17.0,91900.0,1.0
860882,95000.0,220.0,320.0,287.0,224.0,300.0,273.0,Male,13.0,15.0,11850.0,1.0
862912,67000.0,530.0,530.0,367.0,350.0,375.0,368.0,Female,12.0,12.0,81300.0,1.0
863239,72000.0,460.0,450.0,300.0,295.0,265.0,319.0,Male,16.0,10.0,40500.0,1.0
865280,130000.0,470.0,530.0,308.0,311.0,262.0,331.0,Female,14.0,16.0,95000.0,1.0
866494,120000.0,580.0,540.0,345.0,350.0,298.0,335.0,Female,16.0,19.0,150000.0,1.0
866802,42000.0,340.0,410.0,340.0,273.0,290.0,296.0,Female,13.0,12.0,15100.0,1.0
867312,22000.0,280.0,240.0,270.0,207.0,214.0,242.0,Male,14.0,12.0,33000.0,0.0
867409,45000.0,540.0,490.0,327.0,333.0,202.0,307.0,Male,16.0,18.0,93000.0,1.0
867772,3500.0,580.0,530.0,290.0,295.0,290.0,310.0,Female,14.0,12.0,28400.0,1.0
868387,35000.0,480.0,480.0,293.0,329.0,310.0,324.0,Female,20.0,17.0,97400.0,1.0
872221,48000.0,520.0,520.0,300.0,345.0,360.0,354.0,Female,12.0,17.0,94375.0,1.0
873655,82000.0,430.0,460.0,157.0,280.0,228.0,257.0,Male,14.0,14.0,57250.0,1.0
874060,78000.0,560.0,570.0,400.0,393.0,403.0,364.0,Female,14.0,16.0,86900.0,1.0
875855,35000.0,400.0,430.0,237.0,288.0,298.0,303.0,Female,14.0,10.0,18000.0,0.0
877158,235884.0,590.0,640.0,350.0,366.0,359.0,369.0,Male,14.0,12.0,154750.0,1.0
877596,21000.0,560.0,490.0,375.0,376.0,322.0,373.0,Female,13.0,15.0,119000.0,1.0
878489,87000.0,560.0,670.0,333.0,300.0,400.0,298.0,Male,18.0,19.0,114250.0,1.0
879520,40000.0,330.0,320.0,145.0,218.0,227.0,270.0,Male,12.0,14.0,31720.0,0.0
882321,60000.0,430.0,430.0,300.0,295.0,313.0,343.0,Female,17.0,14.0,110600.0,1.0
884955,28000.0,450.0,500.0,333.0,320.0,315.0,335.0,Male,16.0,17.0,44030.0,0.0
887078,30000.0,420.0,530.0,367.0,400.0,360.0,383.0,Male,12.0,14.0,80900.0,0.0
887247,8000.0,520.0,560.0,293.0,356.0,310.0,350.0,Male,16.0,19.0,51750.0,0.0
888158,100000.0,650.0,590.0,367.0,350.0,400.0,356.0,Female,16.0,19.0,135000.0,1.0
888214,42000.0,540.0,540.0,363.0,318.0,287.0,358.0,Male,12.0,14.0,69500.0,0.0
888679,60000.0,460.0,480.0,320.0,273.0,308.0,305.0,Female,14.0,18.0,57500.0,0.0
890791,10000.0,440.0,500.0,267.0,290.0,287.0,285.0,Male,12.0,12.0,70500.0,0.0
892122,107000.0,680.0,740.0,334.0,335.0,370.0,361.0,Male,14.0,16.0,27700.0,1.0
893747,30000.0,440.0,420.0,336.0,345.0,328.0,345.0,Male,16.0,16.0,45000.0,1.0
894026,235884.0,580.0,480.0,333.0,367.0,358.0,372.0,Female,14.0,13.0,53000.0,1.0
894385,60000.0,450.0,460.0,270.0,271.0,280.0,308.0,Female,12.0,16.0,118400.0,1.0
896234,70000.0,690.0,630.0,326.0,361.0,306.0,333.0,Male,20.0,16.0,69200.0,1.0
896394,29000.0,460.0,460.0,400.0,375.0,383.0,381.0,Female,12.0,11.0,22100.0,1.0
897565,35000.0,550.0,610.0,315.0,345.0,350.0,346.0,Male,12.0,12.0,35025.0,1.0
897800,110000.0,540.0,720.0,304.0,285.0,335.0,329.0,Male,16.0,16.0,150500.0,0.0
898076,235884.0,480.0,550.0,287.0,290.0,295.0,305.0,Male,12.0,16.0,148000.0,1.0
898611,30000.0,410.0,350.0,265.0,190.0,225.0,231.0,Female,17.0,14.0,85000.0,1.0
899981,65000.0,500.0,470.0,331.0,340.0,293.0,342.0,Female,20.0,16.0,16100.0,1.0
901144,37000.0,690.0,790.0,370.0,400.0,400.0,395.0,Female,12.0,12.0,81500.0,1.0
901690,140000.0,590.0,590.0,400.0,375.0,371.0,386.0,Female,16.0,16.0,113400.0,1.0
903868,100000.0,680.0,570.0,290.0,300.0,280.0,298.0,Male,15.0,12.0,33800.0,1.0
904162,74000.0,400.0,470.0,327.0,320.0,329.0,344.0,Male,12.0,16.0,32000.0,0.0
904696,15000.0,510.0,550.0,325.0,335.0,284.0,347.0,Female,14.0,14.0,70000.0,1.0
906146,85000.0,670.0,630.0,290.0,304.0,318.0,317.0,Female,16.0,17.0,99000.0,1.0
906582,85000.0,570.0,670.0,400.0,400.0,400.0,398.0,Male,20.0,20.0,130000.0,1.0
908709,40000.0,550.0,440.0,220.0,297.0,235.0,273.0,Female,14.0,13.0,78000.0,0.0
910719,10000.0,440.0,520.0,233.0,333.0,258.0,322.0,Male,16.0,17.0,59000.0,0.0
914098,120000.0,510.0,580.0,310.0,318.0,268.0,311.0,Male,17.0,16.0,82230.0,1.0
914734,30000.0,510.0,540.0,415.0,335.0,357.0,362.0,Male,16.0,18.0,83750.0,1.0
917825,50000.0,410.0,390.0,280.0,280.0,303.0,296.0,Male,10.0,12.0,7390.0,0.0
918187,90000.0,630.0,590.0,320.0,344.0,294.0,343.0,Male,15.0,12.0,72000.0,1.0
918590,46000.0,520.0,570.0,293.0,302.0,290.0,316.0,Male,14.0,18.0,83500.0,1.0
918718,94000.0,740.0,640.0,375.0,333.0,358.0,364.0,Male,16.0,16.0,58000.0,1.0
920153,47500.0,740.0,750.0,400.0,400.0,367.0,383.0,Female,16.0,16.0,97250.0,1.0
921129,31000.0,410.0,530.0,320.0,325.0,350.0,371.0,Female,12.0,12.0,46528.0,0.0
921950,235884.0,570.0,520.0,388.0,400.0,363.0,379.0,Female,4.0,15.0,35000.0,1.0
922271,120000.0,470.0,390.0,300.0,320.0,193.0,302.0,Female,13.0,12.0,43720.0,0.0
922338,30000.0,520.0,510.0,367.0,325.0,363.0,360.0,Female,20.0,17.0,97400.0,1.0
922803,34000.0,610.0,500.0,273.0,288.0,201.0,273.0,Male,14.0,14.0,78700.0,0.0
923140,25000.0,500.0,450.0,320.0,289.0,245.0,284.0,Female,12.0,16.0,20500.0,0.0
923307,90000.0,540.0,580.0,293.0,290.0,320.0,282.0,Male,14.0,13.0,7500.0,1.0
923731,50000.0,440.0,470.0,325.0,371.0,333.0,365.0,Male,4.0,6.0,21440.0,0.0
929448,82000.0,620.0,690.0,357.0,319.0,283.0,317.0,Male,16.0,19.0,112500.0,0.0
930054,40000.0,460.0,430.0,295.0,245.0,250.0,294.0,Female,14.0,13.0,54400.0,0.0
930648,53000.0,530.0,510.0,280.0,295.0,290.0,315.0,Male,12.0,12.0,40000.0,1.0
932536,79973.0,560.0,440.0,287.0,325.0,303.0,326.0,Female,12.0,12.0,73000.0,1.0
932713,44000.0,660.0,590.0,346.0,293.0,286.0,318.0,Male,16.0,12.0,120000.0,1.0
935423,123800.0,590.0,490.0,290.0,360.0,233.0,308.0,Male,17.0,18.0,113365.0,1.0
938750,42000.0,420.0,550.0,306.0,324.0,285.0,336.0,Female,14.0,16.0,80000.0,1.0
940172,48000.0,650.0,470.0,285.0,292.0,220.0,301.0,Male,17.0,12.0,81000.0,0.0
940885,25000.0,390.0,390.0,350.0,350.0,333.0,340.0,Male,9.0,12.0,5640.0,0.0
943072,70000.0,530.0,500.0,314.0,365.0,315.0,341.0,Male,12.0,16.0,76500.0,1.0
943268,235884.0,620.0,710.0,388.0,400.0,300.0,335.0,Male,14.0,12.0,21400.0,1.0
944289,98000.0,570.0,660.0,315.0,293.0,324.0,327.0,Male,16.0,20.0,93000.0,1.0
944792,27000.0,520.0,380.0,233.0,287.0,227.0,298.0,Female,12.0,12.0,24036.0,0.0
949110,64500.0,500.0,410.0,287.0,316.0,303.0,326.0,Female,16.0,16.0,85490.0,1.0
949420,61500.0,510.0,410.0,290.0,320.0,290.0,328.0,Female,14.0,11.0,71000.0,1.0
950924,235884.0,560.0,480.0,283.0,295.0,291.0,311.0,Male,14.0,9.0,54500.0,0.0
951870,80000.0,480.0,630.0,400.0,400.0,400.0,396.0,Female,12.0,18.0,21000.0,1.0
952282,60000.0,480.0,460.0,303.0,334.0,320.0,345.0,Male,18.0,19.0,21000.0,1.0
952691,235884.0,600.0,650.0,364.0,343.0,278.0,339.0,Male,14.0,18.0,93000.0,1.0
953465,82000.0,620.0,580.0,400.0,400.0,380.0,396.0,Female,16.0,12.0,40925.0,1.0
955635,65000.0,560.0,520.0,263.0,272.0,193.0,277.0,Male,12.0,12.0,52000.0,1.0
956011,48000.0,380.0,420.0,280.0,320.0,315.0,298.0,Female,14.0,14.0,56000.0,1.0
956583,70000.0,720.0,660.0,350.0,400.0,400.0,384.0,Male,14.0,20.0,90500.0,1.0
960000,35000.0,370.0,380.0,237.0,205.0,205.0,224.0,Male,12.0,12.0,31750.0,0.0
960531,50000.0,760.0,610.0,400.0,356.0,390.0,364.0,Male,12.0,12.0,141000.0,0.0
961170,75000.0,610.0,580.0,205.0,223.0,33.0,176.0,Male,17.0,18.0,39604.0,0.0
964406,235884.0,390.0,480.0,314.0,332.0,237.0,330.0,Male,14.0,14.0,54000.0,1.0
964819,25000.0,480.0,470.0,247.0,295.0,250.0,316.0,Female,14.0,12.0,42200.0,1.0
966285,32000.0,570.0,570.0,350.0,394.0,348.0,367.0,Male,13.0,10.0,22700.0,1.0
966565,68000.0,430.0,360.0,227.0,265.0,240.0,278.0,Male,13.0,12.0,600.0,1.0
966697,65000.0,420.0,500.0,287.0,235.0,220.0,281.0,Male,16.0,18.0,63000.0,1.0
967463,105000.0,540.0,450.0,225.0,319.0,293.0,287.0,Female,12.0,10.0,32500.0,0.0
968973,80000.0,560.0,450.0,280.0,290.0,287.0,279.0,Male,12.0,10.0,28260.0,0.0
969519,50000.0,500.0,470.0,280.0,285.0,293.0,301.0,Male,17.0,16.0,115900.0,1.0
970609,40000.0,410.0,410.0,235.0,258.0,213.0,249.0,Female,12.0,12.0,33300.0,0.0
972676,55000.0,270.0,400.0,350.0,353.0,363.0,359.0,Female,12.0,14.0,77000.0,1.0
973539,35280.0,430.0,380.0,295.0,325.0,295.0,312.0,Female,12.0,14.0,34006.0,0.0
978173,66000.0,750.0,720.0,283.0,334.0,258.0,316.0,Male,20.0,20.0,98750.0,1.0
978411,55000.0,440.0,560.0,280.0,285.0,240.0,282.0,Male,9.0,12.0,35000.0,0.0
979160,68000.0,730.0,660.0,327.0,325.0,238.0,278.0,Female,18.0,17.0,58700.0,1.0
979309,47000.0,460.0,390.0,294.0,262.0,167.0,295.0,Female,12.0,12.0,77475.0,1.0
980390,20000.0,350.0,360.0,167.0,295.0,295.0,266.0,Female,12.0,12.0,23434.0,0.0
982658,12000.0,390.0,380.0,293.0,315.0,327.0,273.0,Female,11.0,12.0,46000.0,1.0
983614,80000.0,340.0,470.0,240.0,295.0,235.0,304.0,Male,12.0,12.0,75000.0,0.0
984858,120000.0,600.0,670.0,338.0,364.0,289.0,329.0,Male,16.0,11.0,246474.0,1.0
989896,235884.0,500.0,720.0,340.0,375.0,375.0,321.0,Male,16.0,16.0,51160.0,1.0
990608,80000.0,650.0,720.0,400.0,400.0,400.0,400.0,Female,14.0,16.0,68970.0,1.0
990841,110000.0,540.0,570.0,270.0,296.0,287.0,298.0,Female,12.0,12.0,93400.0,1.0
991123,30000.0,340.0,470.0,135.0,309.0,212.0,282.0,Male,14.0,17.0,86200.0,0.0
997584,60000.0,560.0,500.0,315.0,320.0,325.0,315.0,Female,13.0,12.0,28000.0,1.0
999291,35000.0,440.0,350.0,305.0,323.0,280.0,311.0,Female,12.0,12.0,16000.0,1.0
