,completedba,wageincome,weeklywage,satverbal,satmath,gpascience,gpaenglish,gpamath,gpaoverall,gender,motherhighgrade,fatherhighgrade,parentincome
37,0.0,30000.0,833.3333333333334,500.0,430.0,170.0,191.0,213.0,215.0,Male,12.0,12.0,35469.0
43,1.0,130000.0,2452.830188679245,480.0,510.0,265.0,310.0,290.0,314.0,Male,9.0,9.0,70500.0
89,0.0,75000.0,1415.0943396226414,390.0,330.0,290.0,320.0,290.0,316.0,Male,17.0,13.0,145392.0
112,0.0,32000.0,941.1764705882352,460.0,410.0,333.0,366.0,310.0,355.0,Female,13.0,9.0,38300.0
117,0.0,30000.0,566.0377358490566,430.0,540.0,227.0,250.0,367.0,306.0,Female,17.0,18.0,32799.0
119,1.0,58000.0,1094.3396226415093,430.0,220.0,282.0,248.0,221.0,285.0,Male,19.0,14.0,116250.0
121,1.0,55000.0,1037.7358490566037,470.0,510.0,287.0,349.0,287.0,340.0,Male,12.0,12.0,28020.0
126,1.0,55000.0,1037.7358490566037,480.0,430.0,320.0,278.0,319.0,307.0,Female,12.0,12.0,20000.0
153,1.0,43000.0,811.3207547169811,440.0,550.0,347.0,400.0,350.0,360.0,Female,17.0,17.0,150200.0
164,0.0,23000.0,638.8888888888889,400.0,390.0,280.0,269.0,200.0,271.0,Female,13.0,12.0,90000.0
192,1.0,10000.0,370.3703703703704,550.0,530.0,311.0,320.0,326.0,354.0,Female,13.0,15.0,45800.0
199,0.0,100000.0,2173.913043478261,640.0,470.0,290.0,334.0,290.0,343.0,Male,12.0,14.0,54112.0
205,1.0,32000.0,603.7735849056604,750.0,660.0,388.0,400.0,400.0,398.0,Female,17.0,20.0,246474.0
213,1.0,110000.0,2075.4716981132074,710.0,710.0,400.0,406.0,419.0,405.0,Female,17.0,18.0,52800.0
226,1.0,35000.0,660.377358490566,600.0,680.0,367.0,361.0,330.0,354.0,Female,16.0,18.0,123700.0
235,1.0,31000.0,584.9056603773585,530.0,580.0,325.0,360.0,325.0,365.0,Female,16.0,16.0,105000.0
253,1.0,70000.0,1320.754716981132,460.0,450.0,290.0,240.0,250.0,264.0,Male,12.0,10.0,41983.0
284,0.0,65000.0,1226.4150943396226,260.0,430.0,260.0,322.0,325.0,336.0,Male,14.0,12.0,36000.0
301,0.0,45000.0,849.0566037735849,620.0,560.0,280.0,332.0,320.0,304.0,Female,12.0,12.0,37750.0
315,0.0,37000.0,698.1132075471698,420.0,500.0,208.0,268.0,293.0,284.0,Male,16.0,16.0,246474.0
342,1.0,105000.0,1981.132075471698,350.0,470.0,257.0,280.0,255.0,291.0,Male,14.0,16.0,27700.0
355,1.0,76000.0,1433.9622641509434,510.0,470.0,315.0,284.0,290.0,296.0,Female,11.0,14.0,37500.0
395,1.0,50000.0,943.3962264150944,670.0,460.0,300.0,300.0,295.0,318.0,Female,19.0,16.0,28180.0
404,0.0,30000.0,566.0377358490566,430.0,370.0,157.0,267.0,155.0,206.0,Male,15.0,14.0,56800.0
440,1.0,30000.0,566.0377358490566,610.0,570.0,277.0,361.0,280.0,332.0,Female,15.0,14.0,10000.0
446,1.0,50000.0,943.3962264150944,530.0,480.0,297.0,276.0,93.0,246.0,Male,15.0,20.0,103000.0
448,0.0,27000.0,509.4339622641509,380.0,370.0,190.0,180.0,163.0,226.0,Female,16.0,16.0,65000.0
461,1.0,94000.0,2000.0,550.0,630.0,300.0,290.0,295.0,301.0,Male,16.0,18.0,130000.0
528,0.0,26000.0,565.2173913043479,430.0,550.0,310.0,267.0,326.0,294.0,Female,12.0,12.0,50025.0
535,1.0,120000.0,2264.1509433962265,620.0,690.0,400.0,375.0,400.0,389.0,Male,18.0,20.0,98953.0
548,1.0,58000.0,1094.3396226415093,600.0,600.0,390.0,366.0,363.0,378.0,Male,16.0,16.0,78500.0
561,1.0,107000.0,2018.867924528302,550.0,550.0,350.0,325.0,283.0,343.0,Female,14.0,12.0,89900.0
576,0.0,32000.0,603.7735849056604,460.0,410.0,235.0,313.0,292.0,285.0,Female,13.0,12.0,34000.0
586,1.0,71000.0,1339.622641509434,570.0,540.0,260.0,240.0,303.0,287.0,Male,12.0,18.0,60300.0
601,1.0,75000.0,1415.0943396226414,670.0,630.0,400.0,392.0,338.0,383.0,Female,16.0,16.0,67202.0
634,1.0,30000.0,566.0377358490566,390.0,470.0,368.0,363.0,383.0,360.0,Female,16.0,15.0,63000.0
636,1.0,20000.0,392.15686274509807,640.0,740.0,333.0,325.0,375.0,354.0,Female,12.0,16.0,246474.0
674,1.0,87000.0,1641.5094339622642,480.0,570.0,408.0,400.0,397.0,383.0,Female,16.0,16.0,69125.0
695,1.0,60000.0,3333.3333333333335,660.0,520.0,319.0,330.0,258.0,297.0,Female,16.0,16.0,105000.0
704,0.0,76000.0,1433.9622641509434,630.0,550.0,412.0,407.0,404.0,363.0,Female,16.0,16.0,57200.0
708,1.0,30000.0,588.2352941176471,580.0,680.0,323.0,318.0,290.0,350.0,Male,14.0,13.0,53400.0
748,1.0,79000.0,1490.566037735849,600.0,620.0,300.0,375.0,367.0,331.0,Male,13.0,12.0,93000.0
759,0.0,33000.0,622.6415094339623,540.0,470.0,257.0,327.0,223.0,308.0,Female,12.0,15.0,38759.0
767,1.0,235884.0,4450.641509433963,640.0,590.0,350.0,360.0,347.0,379.0,Male,17.0,17.0,17500.0
775,1.0,26000.0,490.5660377358491,620.0,550.0,282.0,247.0,190.0,221.0,Male,16.0,16.0,45245.0
791,0.0,35000.0,660.377358490566,370.0,230.0,330.0,333.0,263.0,309.0,Female,14.0,16.0,8085.0
796,1.0,1900.0,63.333333333333336,650.0,630.0,323.0,278.0,310.0,292.0,Male,20.0,20.0,84000.0
798,1.0,70000.0,1320.754716981132,460.0,410.0,367.0,333.0,358.0,360.0,Female,13.0,12.0,62400.0
802,0.0,16000.0,888.8888888888889,340.0,360.0,273.0,167.0,276.0,260.0,Female,13.0,12.0,51210.0
805,1.0,75000.0,1415.0943396226414,550.0,650.0,400.0,400.0,400.0,397.0,Female,12.0,12.0,12450.0
820,1.0,125000.0,2358.490566037736,600.0,680.0,375.0,313.0,354.0,361.0,Male,17.0,18.0,52800.0
845,1.0,34000.0,641.5094339622641,610.0,480.0,327.0,316.0,251.0,305.0,Female,14.0,14.0,52000.0
874,1.0,78000.0,1471.698113207547,560.0,610.0,393.0,385.0,313.0,371.0,Male,12.0,16.0,30100.0
875,0.0,25000.0,471.6981132075472,350.0,250.0,295.0,345.0,312.0,326.0,Female,12.0,12.0,80250.0
885,1.0,18500.0,349.0566037735849,380.0,400.0,223.0,243.0,247.0,274.0,Female,12.0,12.0,120000.0
888,1.0,235884.0,4450.641509433963,640.0,590.0,266.0,293.0,300.0,287.0,Male,16.0,18.0,246474.0
910,1.0,44000.0,830.188679245283,450.0,460.0,227.0,320.0,243.0,288.0,Female,14.0,13.0,49000.0
914,1.0,73779.0,1392.0566037735848,620.0,590.0,380.0,380.0,355.0,379.0,Female,16.0,18.0,101118.0
918,1.0,36000.0,750.0,560.0,510.0,300.0,300.0,327.0,335.0,Female,15.0,14.0,36000.0
954,0.0,82000.0,1822.2222222222222,540.0,620.0,300.0,265.0,310.0,309.0,Male,14.0,16.0,58129.0
955,1.0,46000.0,867.9245283018868,550.0,520.0,327.0,400.0,295.0,355.0,Male,12.0,12.0,61000.0
957,1.0,65000.0,1226.4150943396226,360.0,400.0,287.0,290.0,312.0,298.0,Male,10.0,10.0,17500.0
979,1.0,50000.0,943.3962264150944,600.0,470.0,343.0,350.0,257.0,344.0,Female,12.0,14.0,15000.0
1015,0.0,25000.0,925.925925925926,360.0,230.0,363.0,338.0,320.0,338.0,Female,3.0,4.0,46000.0
1022,1.0,28000.0,528.3018867924528,450.0,430.0,290.0,290.0,273.0,304.0,Female,6.0,12.0,58000.0
1024,1.0,80000.0,1509.433962264151,230.0,360.0,329.0,349.0,322.0,354.0,Male,16.0,16.0,86000.0
1027,0.0,120000.0,2264.1509433962265,460.0,510.0,300.0,305.0,288.0,327.0,Female,10.0,12.0,48000.0
1037,1.0,62000.0,1169.811320754717,570.0,570.0,375.0,383.0,375.0,385.0,Female,14.0,18.0,90250.0
1048,1.0,39000.0,735.8490566037735,760.0,660.0,400.0,400.0,380.0,373.0,Female,14.0,14.0,50500.0
1050,1.0,55000.0,1486.4864864864865,280.0,360.0,323.0,295.0,293.0,325.0,Female,11.0,3.0,9179.0
1052,0.0,78000.0,1591.8367346938776,360.0,540.0,280.0,273.0,255.0,272.0,Female,12.0,12.0,54800.0
1053,1.0,93000.0,1754.7169811320755,660.0,640.0,357.0,388.0,325.0,378.0,Male,17.0,20.0,246474.0
1065,1.0,113000.0,2132.0754716981132,490.0,500.0,300.0,351.0,338.0,354.0,Female,12.0,12.0,45000.0
1072,1.0,45000.0,849.0566037735849,460.0,470.0,367.0,295.0,310.0,340.0,Female,12.0,16.0,98000.0
1128,0.0,90000.0,1698.1132075471698,530.0,520.0,333.0,383.0,330.0,341.0,Female,10.0,10.0,35038.0
1160,0.0,30000.0,566.0377358490566,380.0,450.0,207.0,295.0,167.0,282.0,Female,16.0,16.0,50000.0
1166,1.0,88000.0,1660.377358490566,530.0,620.0,373.0,355.0,244.0,334.0,Male,14.0,14.0,78700.0
1186,1.0,116000.0,2188.6792452830186,580.0,710.0,375.0,354.0,381.0,375.0,Male,20.0,20.0,124000.0
1199,1.0,50000.0,1063.8297872340424,430.0,520.0,325.0,363.0,363.0,365.0,Female,14.0,18.0,51800.0
1231,1.0,51000.0,962.2641509433962,560.0,670.0,388.0,375.0,400.0,392.0,Male,16.0,18.0,49650.0
1238,0.0,2500.0,166.66666666666666,420.0,410.0,360.0,315.0,290.0,321.0,Female,16.0,16.0,80500.0
1245,1.0,75000.0,1744.1860465116279,610.0,600.0,338.0,356.0,310.0,366.0,Female,11.0,12.0,101500.0
1274,1.0,95000.0,1792.4528301886792,420.0,500.0,295.0,298.0,289.0,294.0,Male,16.0,18.0,246474.0
1276,0.0,40000.0,754.7169811320755,460.0,370.0,260.0,285.0,285.0,308.0,Male,12.0,12.0,36300.0
1284,0.0,30500.0,575.4716981132076,440.0,510.0,238.0,278.0,183.0,289.0,Female,14.0,14.0,4500.0
1353,1.0,90000.0,1698.1132075471698,530.0,510.0,345.0,367.0,280.0,373.0,Female,18.0,13.0,135000.0
1398,1.0,90000.0,1698.1132075471698,510.0,670.0,333.0,358.0,335.0,353.0,Male,16.0,18.0,246474.0
1417,0.0,43000.0,811.3207547169811,420.0,560.0,220.0,227.0,290.0,262.0,Male,12.0,12.0,28000.0
1441,1.0,69000.0,1301.8867924528302,450.0,450.0,320.0,283.0,198.0,328.0,Female,16.0,16.0,246474.0
1448,0.0,25000.0,471.6981132075472,600.0,510.0,290.0,310.0,320.0,296.0,Male,12.0,12.0,46750.0
1469,1.0,40000.0,930.2325581395348,490.0,450.0,235.0,343.0,330.0,300.0,Female,18.0,16.0,43331.0
1500,0.0,42000.0,792.4528301886793,400.0,370.0,220.0,245.0,280.0,257.0,Male,13.0,12.0,27010.0
1504,1.0,40000.0,754.7169811320755,490.0,460.0,292.0,320.0,310.0,351.0,Female,13.0,12.0,40000.0
1525,0.0,82000.0,1547.1698113207547,570.0,630.0,204.0,250.0,269.0,236.0,Male,14.0,12.0,42200.0
1531,1.0,89000.0,1679.245283018868,640.0,560.0,325.0,335.0,287.0,333.0,Male,16.0,15.0,109360.0
1540,0.0,75000.0,1415.0943396226414,490.0,440.0,287.0,320.0,263.0,315.0,Male,6.0,16.0,88252.0
1548,1.0,140000.0,2641.509433962264,620.0,720.0,400.0,400.0,400.0,400.0,Female,16.0,14.0,110500.0
1554,0.0,45000.0,849.0566037735849,610.0,660.0,200.0,250.0,270.0,259.0,Male,12.0,12.0,37750.0
1557,1.0,34000.0,641.5094339622641,470.0,430.0,310.0,283.0,271.0,320.0,Female,12.0,20.0,30000.0
1592,1.0,235884.0,4450.641509433963,450.0,570.0,383.0,388.0,373.0,383.0,Male,16.0,16.0,35880.0
1597,1.0,113000.0,2132.0754716981132,430.0,490.0,255.0,261.0,236.0,284.0,Male,16.0,16.0,54150.0
1599,1.0,60000.0,1132.0754716981132,490.0,500.0,300.0,320.0,333.0,351.0,Male,13.0,12.0,36115.0
1606,0.0,36000.0,679.2452830188679,420.0,380.0,227.0,223.0,180.0,240.0,Female,12.0,11.0,23000.0
1627,1.0,124000.0,2339.622641509434,730.0,660.0,351.0,349.0,325.0,348.0,Male,16.0,16.0,96500.0
1662,1.0,60000.0,1132.0754716981132,480.0,460.0,220.0,296.0,227.0,278.0,Female,14.0,14.0,35000.0
1670,0.0,32000.0,603.7735849056604,600.0,380.0,300.0,288.0,274.0,296.0,Male,12.0,12.0,27400.0
1698,1.0,40000.0,754.7169811320755,500.0,500.0,329.0,325.0,285.0,322.0,Female,14.0,16.0,100000.0
1699,1.0,53000.0,1000.0,460.0,400.0,225.0,250.0,223.0,238.0,Female,14.0,15.0,87106.0
1700,0.0,100000.0,2500.0,62.0,48.0,257.0,208.0,263.0,256.0,Female,18.0,19.0,65000.0
1705,1.0,50000.0,943.3962264150944,520.0,510.0,300.0,350.0,300.0,352.0,Female,14.0,12.0,55000.0
1714,1.0,235884.0,4813.959183673469,660.0,740.0,375.0,400.0,375.0,376.0,Male,16.0,13.0,246474.0
1726,0.0,36000.0,679.2452830188679,390.0,420.0,280.0,300.0,371.0,351.0,Female,12.0,12.0,20000.0
1750,1.0,62000.0,1169.811320754717,620.0,610.0,409.0,400.0,390.0,400.0,Male,12.0,12.0,31811.0
1756,1.0,50000.0,943.3962264150944,370.0,420.0,297.0,310.0,331.0,343.0,Female,11.0,12.0,30680.0
1762,1.0,75000.0,1415.0943396226414,540.0,430.0,237.0,340.0,240.0,309.0,Female,16.0,20.0,75500.0
1777,1.0,50000.0,943.3962264150944,620.0,470.0,319.0,371.0,303.0,325.0,Female,13.0,19.0,43580.0
1779,1.0,32000.0,761.9047619047619,630.0,470.0,293.0,323.0,257.0,313.0,Female,12.0,12.0,64300.0
1788,1.0,97000.0,1830.188679245283,500.0,590.0,300.0,313.0,350.0,323.0,Male,12.0,13.0,40400.0
1791,1.0,30000.0,566.0377358490566,700.0,760.0,350.0,400.0,350.0,383.0,Female,19.0,19.0,47500.0
1829,1.0,61000.0,1150.9433962264152,500.0,340.0,240.0,312.0,265.0,304.0,Female,16.0,16.0,76200.0
1834,1.0,75000.0,1415.0943396226414,560.0,710.0,380.0,375.0,397.0,390.0,Male,17.0,18.0,246474.0
1843,0.0,47000.0,886.7924528301887,430.0,420.0,255.0,283.0,178.0,274.0,Female,15.0,18.0,79000.0
1850,0.0,25000.0,471.6981132075472,560.0,440.0,290.0,288.0,100.0,201.0,Male,18.0,16.0,159600.0
1854,1.0,235884.0,4450.641509433963,640.0,600.0,293.0,318.0,332.0,315.0,Male,14.0,14.0,90200.0
1877,1.0,80000.0,1509.433962264151,520.0,460.0,287.0,266.0,238.0,255.0,Female,16.0,16.0,106700.0
1878,1.0,40000.0,754.7169811320755,390.0,430.0,298.0,331.0,274.0,329.0,Female,14.0,12.0,79800.0
1919,0.0,38000.0,863.6363636363636,450.0,330.0,115.0,170.0,120.0,157.0,Male,12.0,12.0,38600.0
1921,1.0,75000.0,1470.5882352941176,600.0,550.0,306.0,306.0,175.0,273.0,Female,16.0,18.0,800.0
1999,1.0,98500.0,1858.4905660377358,590.0,620.0,300.0,325.0,300.0,335.0,Male,12.0,18.0,246474.0
2016,1.0,38000.0,716.9811320754717,410.0,380.0,363.0,354.0,307.0,362.0,Female,12.0,16.0,26700.0
2034,1.0,59000.0,1113.2075471698113,600.0,630.0,325.0,300.0,345.0,332.0,Male,12.0,12.0,91722.0
2054,1.0,50000.0,943.3962264150944,430.0,320.0,280.0,323.0,288.0,330.0,Female,16.0,10.0,46000.0
2057,0.0,29000.0,568.6274509803922,400.0,400.0,287.0,290.0,320.0,313.0,Male,12.0,14.0,62450.0
2061,1.0,65000.0,1226.4150943396226,520.0,500.0,227.0,300.0,290.0,287.0,Male,12.0,12.0,49000.0
2085,0.0,40000.0,754.7169811320755,360.0,440.0,173.0,173.0,313.0,231.0,Male,13.0,14.0,15500.0
2143,1.0,235884.0,4536.2307692307695,590.0,640.0,300.0,375.0,320.0,326.0,Male,14.0,18.0,99828.0
2175,1.0,50000.0,943.3962264150944,550.0,410.0,287.0,313.0,287.0,329.0,Female,12.0,13.0,58500.0
2177,1.0,55000.0,1037.7358490566037,480.0,580.0,345.0,350.0,375.0,343.0,Female,14.0,16.0,89000.0
2188,1.0,55000.0,1037.7358490566037,430.0,470.0,388.0,363.0,400.0,387.0,Female,14.0,12.0,159200.0
2202,0.0,47000.0,886.7924528301887,400.0,210.0,350.0,290.0,320.0,332.0,Female,12.0,11.0,22000.0
2265,1.0,50543.0,953.6415094339623,490.0,460.0,300.0,284.0,289.0,319.0,Female,16.0,16.0,100500.0
2269,1.0,40000.0,754.7169811320755,740.0,660.0,340.0,392.0,352.0,362.0,Female,13.0,16.0,44891.0
2287,0.0,57000.0,1075.4716981132076,400.0,450.0,297.0,298.0,325.0,355.0,Male,12.0,14.0,35260.0
2293,1.0,30000.0,600.0,530.0,600.0,293.0,320.0,280.0,335.0,Female,14.0,15.0,48000.0
2322,1.0,125000.0,2358.490566037736,720.0,760.0,400.0,400.0,400.0,400.0,Male,12.0,12.0,111100.0
2351,0.0,235884.0,4450.641509433963,510.0,640.0,326.0,323.0,343.0,360.0,Male,18.0,20.0,246474.0
2385,0.0,15000.0,283.0188679245283,590.0,530.0,328.0,317.0,359.0,338.0,Male,13.0,17.0,57200.0
2418,0.0,55000.0,1037.7358490566037,350.0,440.0,300.0,333.0,293.0,333.0,Male,13.0,14.0,51015.0
2447,0.0,38000.0,716.9811320754717,460.0,500.0,285.0,290.0,280.0,294.0,Male,10.0,11.0,14500.0
2449,0.0,60000.0,1132.0754716981132,460.0,470.0,280.0,315.0,295.0,321.0,Male,14.0,14.0,54000.0
2468,1.0,48000.0,905.6603773584906,710.0,630.0,350.0,274.0,384.0,348.0,Male,18.0,16.0,122950.0
2482,1.0,37000.0,725.4901960784314,630.0,720.0,338.0,343.0,373.0,336.0,Male,16.0,18.0,70000.0
2520,1.0,112700.0,2126.4150943396226,720.0,610.0,300.0,350.0,350.0,348.0,Male,12.0,12.0,47500.0
2533,0.0,80000.0,1509.433962264151,560.0,330.0,185.0,246.0,168.0,203.0,Male,13.0,12.0,58000.0
2535,0.0,58000.0,1160.0,460.0,430.0,350.0,350.0,160.0,317.0,Female,11.0,12.0,33200.0
2538,1.0,38000.0,716.9811320754717,600.0,480.0,340.0,367.0,360.0,364.0,Female,17.0,18.0,25057.0
2548,1.0,55000.0,1037.7358490566037,650.0,440.0,233.0,224.0,243.0,239.0,Female,13.0,19.0,43580.0
2567,1.0,68000.0,1283.0188679245282,360.0,380.0,310.0,240.0,278.0,306.0,Female,12.0,12.0,68620.0
2585,1.0,35000.0,660.377358490566,640.0,440.0,350.0,388.0,338.0,372.0,Male,13.0,16.0,68000.0
2588,1.0,64000.0,1207.5471698113208,470.0,490.0,327.0,350.0,320.0,362.0,Female,18.0,14.0,111000.0
2618,1.0,77000.0,1452.8301886792453,490.0,520.0,290.0,360.0,300.0,343.0,Female,16.0,18.0,93000.0
2641,0.0,60000.0,1132.0754716981132,380.0,370.0,294.0,310.0,285.0,324.0,Male,12.0,12.0,67500.0
2652,1.0,21000.0,396.22641509433964,480.0,490.0,197.0,254.0,189.0,235.0,Female,16.0,13.0,59500.0
2659,1.0,48000.0,905.6603773584906,600.0,600.0,330.0,418.0,383.0,349.0,Female,16.0,16.0,105000.0
2660,1.0,235884.0,4450.641509433963,510.0,580.0,338.0,304.0,316.0,337.0,Male,12.0,12.0,120000.0
2667,1.0,53000.0,1000.0,410.0,440.0,325.0,346.0,350.0,325.0,Female,10.0,15.0,4500.0
2673,0.0,70000.0,1320.754716981132,470.0,500.0,293.0,267.0,285.0,308.0,Female,20.0,15.0,66200.0
2692,1.0,20000.0,377.35849056603774,480.0,320.0,330.0,368.0,230.0,344.0,Female,17.0,16.0,137750.0
2749,0.0,53000.0,1000.0,330.0,470.0,293.0,235.0,317.0,266.0,Male,16.0,12.0,78042.0
2768,1.0,110000.0,2075.4716981132074,500.0,550.0,371.0,360.0,305.0,369.0,Male,17.0,14.0,84100.0
2784,1.0,18000.0,382.97872340425533,670.0,710.0,400.0,388.0,338.0,370.0,Female,18.0,20.0,111750.0
2789,1.0,110000.0,2075.4716981132074,580.0,550.0,301.0,306.0,340.0,335.0,Male,20.0,16.0,130800.0
2808,1.0,135000.0,2547.169811320755,560.0,720.0,400.0,378.0,400.0,395.0,Male,18.0,18.0,121250.0
2831,1.0,106000.0,2000.0,450.0,550.0,166.0,235.0,243.0,269.0,Male,13.0,14.0,96633.0
2833,0.0,35000.0,660.377358490566,590.0,480.0,216.0,213.0,163.0,225.0,Male,15.0,15.0,40750.0
2886,1.0,103000.0,1943.3962264150944,540.0,520.0,300.0,296.0,324.0,322.0,Male,16.0,16.0,138000.0
2907,1.0,53000.0,1000.0,660.0,690.0,378.0,376.0,385.0,377.0,Female,16.0,16.0,65096.0
2944,0.0,44000.0,830.188679245283,630.0,440.0,350.0,310.0,325.0,337.0,Male,14.0,12.0,22900.0
2952,1.0,49000.0,924.5283018867924,300.0,400.0,285.0,285.0,240.0,283.0,Female,17.0,14.0,85000.0
2962,1.0,83000.0,1566.0377358490566,460.0,490.0,313.0,320.0,320.0,347.0,Female,17.0,14.0,56759.0
2971,1.0,130000.0,2452.830188679245,560.0,690.0,333.0,373.0,333.0,369.0,Male,16.0,18.0,246474.0
2979,0.0,120000.0,2264.1509433962265,490.0,430.0,260.0,283.0,276.0,281.0,Male,12.0,9.0,40000.0
3000,1.0,26000.0,590.9090909090909,590.0,630.0,375.0,350.0,400.0,378.0,Female,16.0,16.0,70550.0
3009,1.0,65000.0,1226.4150943396226,390.0,430.0,268.0,326.0,263.0,295.0,Female,12.0,13.0,26000.0
3032,0.0,42000.0,792.4528301886793,410.0,480.0,367.0,340.0,350.0,368.0,Female,12.0,14.0,80900.0
3034,1.0,77000.0,1452.8301886792453,470.0,480.0,350.0,344.0,325.0,363.0,Female,14.0,18.0,58055.0
3056,1.0,85000.0,1603.7735849056603,500.0,570.0,363.0,400.0,388.0,392.0,Female,14.0,18.0,93000.0
3094,0.0,45000.0,849.0566037735849,410.0,310.0,285.0,284.0,200.0,292.0,Female,15.0,16.0,17500.0
3106,0.0,15000.0,283.0188679245283,500.0,540.0,266.0,337.0,253.0,329.0,Female,12.0,11.0,54000.0
3108,1.0,75000.0,1415.0943396226414,480.0,540.0,303.0,300.0,293.0,323.0,Male,12.0,16.0,77000.0
3113,0.0,79000.0,1490.566037735849,610.0,540.0,350.0,309.0,311.0,330.0,Male,12.0,13.0,62000.0
3166,1.0,31000.0,584.9056603773585,410.0,410.0,31.0,165.0,170.0,199.0,Male,12.0,16.0,56200.0
3180,0.0,48000.0,905.6603773584906,480.0,430.0,282.0,288.0,251.0,298.0,Female,12.0,9.0,40500.0
3185,1.0,125000.0,2358.490566037736,580.0,720.0,395.0,350.0,396.0,396.0,Male,14.0,19.0,246474.0
3187,1.0,16000.0,533.3333333333334,600.0,520.0,313.0,355.0,316.0,365.0,Female,19.0,14.0,109500.0
3211,1.0,72000.0,1358.4905660377358,620.0,630.0,297.0,356.0,350.0,348.0,Female,16.0,14.0,110500.0
3225,0.0,34000.0,641.5094339622641,410.0,400.0,170.0,277.0,170.0,218.0,Male,12.0,16.0,0.0
3227,0.0,35000.0,660.377358490566,540.0,520.0,333.0,316.0,330.0,345.0,Female,14.0,12.0,57000.0
3232,1.0,62000.0,1169.811320754717,280.0,370.0,350.0,380.0,315.0,370.0,Female,12.0,14.0,86750.0
3265,1.0,22780.0,429.811320754717,660.0,730.0,400.0,325.0,400.0,379.0,Male,12.0,16.0,50502.0
3270,1.0,100000.0,1886.7924528301887,600.0,680.0,336.0,376.0,375.0,361.0,Male,16.0,16.0,115157.0
3271,1.0,8000.0,170.2127659574468,600.0,510.0,236.0,215.0,328.0,276.0,Male,18.0,18.0,80000.0
3293,0.0,3000.0,93.75,500.0,580.0,350.0,329.0,290.0,327.0,Female,13.0,12.0,132096.0
3297,0.0,33000.0,622.6415094339623,420.0,380.0,260.0,350.0,350.0,349.0,Female,12.0,14.0,31720.0
3331,0.0,67000.0,1264.1509433962265,580.0,540.0,367.0,292.0,260.0,343.0,Female,12.0,12.0,92500.0
3367,1.0,20000.0,377.35849056603774,540.0,510.0,283.0,308.0,303.0,311.0,Female,12.0,16.0,39040.0
3369,0.0,40000.0,754.7169811320755,420.0,440.0,246.0,218.0,159.0,257.0,Female,12.0,12.0,35000.0
3387,1.0,130000.0,2452.830188679245,680.0,600.0,354.0,350.0,357.0,381.0,Male,16.0,16.0,86000.0
3391,1.0,45000.0,849.0566037735849,600.0,470.0,300.0,333.0,308.0,320.0,Female,16.0,13.0,59500.0
3396,1.0,67000.0,1264.1509433962265,490.0,470.0,320.0,363.0,295.0,358.0,Male,14.0,13.0,61300.0
3399,1.0,62000.0,1169.811320754717,500.0,470.0,287.0,248.0,346.0,315.0,Male,15.0,15.0,60000.0
3410,1.0,47000.0,886.7924528301887,470.0,510.0,295.0,295.0,290.0,324.0,Male,20.0,17.0,111000.0
3415,1.0,15000.0,283.0188679245283,640.0,540.0,300.0,350.0,287.0,349.0,Male,18.0,15.0,141400.0
3416,1.0,10500.0,456.5217391304348,470.0,530.0,327.0,265.0,247.0,307.0,Female,13.0,16.0,44891.0
3417,0.0,27000.0,870.9677419354839,250.0,300.0,177.0,220.0,220.0,217.0,Female,6.0,17.0,9200.0
3436,1.0,15000.0,365.8536585365854,540.0,540.0,350.0,380.0,325.0,375.0,Female,10.0,20.0,56160.0
3442,0.0,15000.0,283.0188679245283,500.0,550.0,135.0,243.0,260.0,241.0,Female,15.0,15.0,40750.0
3448,0.0,40000.0,754.7169811320755,390.0,460.0,152.0,295.0,300.0,266.0,Female,16.0,14.0,17080.0
3449,1.0,50000.0,943.3962264150944,520.0,510.0,283.0,383.0,288.0,353.0,Female,16.0,16.0,74250.0
3452,1.0,30347.0,572.5849056603773,590.0,690.0,277.0,259.0,278.0,268.0,Male,16.0,12.0,87020.0
3454,1.0,57000.0,1075.4716981132076,530.0,460.0,327.0,308.0,235.0,339.0,Female,8.0,5.0,29000.0
3461,0.0,50000.0,943.3962264150944,430.0,450.0,218.0,229.0,281.0,274.0,Female,14.0,18.0,246474.0
3466,1.0,70000.0,1320.754716981132,500.0,610.0,314.0,375.0,333.0,359.0,Male,18.0,16.0,139500.0
3486,0.0,28000.0,528.3018867924528,430.0,470.0,183.0,258.0,318.0,264.0,Female,13.0,13.0,17600.0
3519,1.0,84000.0,1584.9056603773586,540.0,520.0,388.0,378.0,400.0,393.0,Female,16.0,14.0,55500.0
3527,1.0,105000.0,1981.132075471698,560.0,520.0,383.0,343.0,337.0,357.0,Female,15.0,14.0,246474.0
3530,0.0,65000.0,1226.4150943396226,420.0,470.0,313.0,293.0,240.0,311.0,Male,12.0,12.0,42000.0
3547,1.0,55000.0,1037.7358490566037,500.0,510.0,347.0,328.0,363.0,356.0,Female,16.0,20.0,40000.0
3576,1.0,60000.0,1132.0754716981132,500.0,660.0,395.0,397.0,371.0,394.0,Male,14.0,14.0,43200.0
3598,0.0,46000.0,867.9245283018868,440.0,370.0,400.0,323.0,327.0,347.0,Female,9.0,16.0,3792.0
3602,1.0,65000.0,1226.4150943396226,420.0,480.0,295.0,325.0,285.0,327.0,Male,12.0,12.0,101000.0
3643,1.0,40000.0,754.7169811320755,440.0,550.0,313.0,295.0,298.0,325.0,Male,14.0,12.0,17600.0
3662,0.0,80000.0,1509.433962264151,430.0,390.0,280.0,110.0,280.0,174.0,Male,13.0,16.0,57380.0
3666,1.0,74674.0,1408.9433962264152,670.0,720.0,405.0,349.0,407.0,360.0,Male,16.0,16.0,68000.0
3715,0.0,28000.0,528.3018867924528,400.0,470.0,287.0,240.0,227.0,279.0,Female,12.0,14.0,67700.0
3734,1.0,83000.0,1566.0377358490566,420.0,490.0,245.0,298.0,227.0,303.0,Male,18.0,16.0,78000.0
3741,1.0,235884.0,4450.641509433963,710.0,660.0,356.0,386.0,310.0,378.0,Female,16.0,16.0,31000.0
3756,0.0,75000.0,1415.0943396226414,480.0,430.0,295.0,291.0,220.0,283.0,Female,18.0,12.0,59000.0
3767,0.0,63000.0,1188.6792452830189,300.0,240.0,290.0,280.0,287.0,290.0,Male,12.0,14.0,75000.0
3783,1.0,100500.0,2451.2195121951218,410.0,470.0,323.0,338.0,308.0,340.0,Male,12.0,12.0,83130.0
3816,0.0,26000.0,490.5660377358491,580.0,490.0,359.0,380.0,321.0,364.0,Female,12.0,7.0,53500.0
3819,1.0,38000.0,716.9811320754717,600.0,650.0,388.0,350.0,400.0,381.0,Female,14.0,14.0,67200.0
3829,1.0,40000.0,754.7169811320755,650.0,530.0,346.0,378.0,314.0,369.0,Female,13.0,14.0,70120.0
3831,1.0,31139.0,587.5283018867924,400.0,400.0,300.0,318.0,290.0,322.0,Female,13.0,13.0,45600.0
3839,0.0,13000.0,295.45454545454544,610.0,460.0,287.0,270.0,280.0,302.0,Female,18.0,16.0,17180.0
3859,1.0,70000.0,1320.754716981132,570.0,590.0,297.0,308.0,323.0,316.0,Male,16.0,10.0,110000.0
3866,1.0,105000.0,1981.132075471698,580.0,660.0,333.0,375.0,363.0,365.0,Female,17.0,16.0,246474.0
3885,0.0,48000.0,1090.909090909091,540.0,510.0,190.0,145.0,168.0,191.0,Male,16.0,12.0,46800.0
3887,1.0,110000.0,2115.3846153846152,490.0,470.0,300.0,295.0,295.0,313.0,Female,15.0,19.0,81500.0
3892,1.0,235884.0,4450.641509433963,510.0,440.0,277.0,352.0,277.0,334.0,Male,12.0,12.0,48900.0
3894,1.0,145000.0,2735.8490566037735,470.0,510.0,320.0,268.0,303.0,320.0,Female,16.0,18.0,70000.0
3896,1.0,235884.0,4450.641509433963,490.0,580.0,367.0,288.0,355.0,347.0,Female,18.0,20.0,246474.0
3898,1.0,60000.0,1250.0,530.0,470.0,190.0,245.0,220.0,175.0,Female,12.0,12.0,75000.0
3900,0.0,25000.0,1315.7894736842106,360.0,410.0,150.0,184.0,253.0,248.0,Male,13.0,16.0,70000.0
3912,0.0,54000.0,1018.8679245283018,360.0,410.0,240.0,254.0,173.0,261.0,Female,12.0,7.0,53500.0
3917,0.0,36000.0,679.2452830188679,520.0,550.0,287.0,310.0,320.0,322.0,Male,10.0,10.0,14400.0
3922,1.0,38500.0,726.4150943396227,530.0,380.0,345.0,320.0,313.0,357.0,Male,12.0,8.0,71320.0
3925,0.0,50000.0,943.3962264150944,560.0,600.0,283.0,280.0,263.0,276.0,Male,16.0,16.0,246474.0
3955,1.0,20000.0,377.35849056603774,680.0,710.0,400.0,400.0,327.0,275.0,Female,16.0,19.0,58300.0
3968,1.0,48000.0,905.6603773584906,560.0,460.0,350.0,325.0,295.0,363.0,Female,16.0,18.0,53100.0
3974,1.0,50000.0,943.3962264150944,430.0,440.0,307.0,346.0,290.0,337.0,Female,16.0,19.0,69300.0
4004,1.0,30000.0,566.0377358490566,600.0,610.0,350.0,358.0,330.0,362.0,Male,18.0,20.0,53500.0
4012,0.0,37000.0,698.1132075471698,530.0,650.0,320.0,313.0,257.0,309.0,Male,12.0,12.0,39508.0
4047,0.0,9000.0,169.81132075471697,360.0,330.0,283.0,288.0,285.0,302.0,Female,10.0,12.0,7390.0
4066,1.0,47500.0,896.2264150943396,580.0,510.0,300.0,378.0,327.0,371.0,Female,12.0,12.0,64500.0
4070,0.0,31000.0,584.9056603773585,570.0,640.0,400.0,389.0,400.0,386.0,Female,10.0,12.0,23475.0
4071,1.0,1700.0,32.075471698113205,500.0,400.0,370.0,400.0,370.0,380.0,Female,12.0,13.0,40000.0
4109,1.0,90000.0,1698.1132075471698,580.0,650.0,283.0,329.0,360.0,317.0,Male,16.0,14.0,17000.0
4129,1.0,61000.0,1150.9433962264152,440.0,470.0,287.0,300.0,290.0,284.0,Female,14.0,12.0,65000.0
4133,1.0,85000.0,1603.7735849056603,470.0,480.0,255.0,326.0,287.0,322.0,Female,16.0,20.0,76400.0
4142,1.0,56000.0,1056.6037735849056,560.0,560.0,300.0,267.0,360.0,325.0,Male,16.0,14.0,5760.0
4177,0.0,50000.0,943.3962264150944,430.0,380.0,293.0,311.0,245.0,301.0,Male,14.0,18.0,95600.0
4214,1.0,42000.0,792.4528301886793,520.0,620.0,360.0,375.0,350.0,374.0,Female,14.0,13.0,60100.0
4217,0.0,35000.0,660.377358490566,540.0,470.0,280.0,227.0,240.0,206.0,Male,14.0,12.0,50500.0
4235,1.0,85000.0,1603.7735849056603,580.0,610.0,383.0,344.0,360.0,380.0,Male,12.0,10.0,42990.0
4237,0.0,18000.0,339.62264150943395,580.0,580.0,325.0,400.0,375.0,376.0,Female,12.0,12.0,40000.0
4240,1.0,53000.0,1000.0,550.0,630.0,315.0,290.0,316.0,329.0,Male,14.0,13.0,60100.0
4243,1.0,59000.0,1113.2075471698113,360.0,410.0,300.0,400.0,350.0,373.0,Female,12.0,12.0,18000.0
4255,1.0,34000.0,641.5094339622641,480.0,530.0,280.0,280.0,305.0,303.0,Male,16.0,19.0,33000.0
4280,1.0,37000.0,698.1132075471698,600.0,700.0,327.0,388.0,345.0,376.0,Female,13.0,16.0,80000.0
4288,1.0,67000.0,1264.1509433962265,440.0,420.0,160.0,235.0,220.0,242.0,Female,14.0,12.0,26600.0
4302,1.0,30600.0,577.3584905660377,730.0,650.0,331.0,400.0,293.0,361.0,Female,16.0,16.0,24000.0
4313,0.0,55000.0,1037.7358490566037,450.0,510.0,284.0,276.0,320.0,333.0,Male,13.0,13.0,97400.0
4316,1.0,35000.0,1296.2962962962963,790.0,710.0,261.0,373.0,310.0,347.0,Male,16.0,18.0,128750.0
4381,1.0,30000.0,1500.0,390.0,370.0,227.0,315.0,288.0,317.0,Female,13.0,12.0,41270.0
4390,1.0,30000.0,566.0377358490566,450.0,490.0,293.0,300.0,310.0,313.0,Male,13.0,15.0,35050.0
4392,0.0,3000.0,56.60377358490566,590.0,570.0,320.0,289.0,312.0,324.0,Female,16.0,16.0,41000.0
4409,1.0,58000.0,1094.3396226415093,410.0,490.0,367.0,350.0,333.0,356.0,Female,20.0,12.0,123000.0
4423,1.0,43000.0,811.3207547169811,600.0,560.0,333.0,368.0,388.0,355.0,Female,10.0,12.0,23475.0
4441,1.0,46000.0,867.9245283018868,430.0,430.0,291.0,305.0,190.0,300.0,Male,16.0,16.0,9000.0
4458,1.0,55000.0,1037.7358490566037,450.0,510.0,333.0,356.0,363.0,366.0,Female,16.0,16.0,65700.0
4464,1.0,40000.0,754.7169811320755,520.0,400.0,273.0,283.0,253.0,281.0,Male,17.0,14.0,92500.0
4479,1.0,41300.0,779.2452830188679,650.0,570.0,364.0,391.0,306.0,376.0,Female,14.0,18.0,49700.0
4487,1.0,85000.0,1603.7735849056603,540.0,620.0,373.0,360.0,348.0,360.0,Female,4.0,15.0,35000.0
4489,1.0,130000.0,2452.830188679245,730.0,770.0,383.0,408.0,400.0,391.0,Male,16.0,16.0,48000.0
4495,1.0,32000.0,603.7735849056604,560.0,560.0,333.0,340.0,375.0,369.0,Female,14.0,16.0,79000.0
4532,1.0,120000.0,2264.1509433962265,520.0,480.0,190.0,231.0,206.0,233.0,Male,12.0,12.0,35469.0
4533,1.0,69000.0,1301.8867924528302,530.0,530.0,333.0,350.0,375.0,344.0,Female,12.0,12.0,81300.0
4570,1.0,15000.0,283.0188679245283,600.0,440.0,260.0,270.0,325.0,324.0,Female,13.0,12.0,32010.0
4578,1.0,70000.0,1320.754716981132,570.0,700.0,400.0,370.0,393.0,402.0,Male,16.0,17.0,41000.0
4579,1.0,235884.0,4450.641509433963,570.0,650.0,218.0,278.0,243.0,278.0,Male,16.0,16.0,70000.0
4587,1.0,40000.0,754.7169811320755,490.0,450.0,280.0,323.0,280.0,278.0,Female,19.0,18.0,85250.0
4593,0.0,30000.0,566.0377358490566,460.0,410.0,203.0,203.0,203.0,230.0,Male,14.0,14.0,77900.0
4612,1.0,47500.0,896.2264150943396,620.0,610.0,329.0,369.0,310.0,357.0,Female,16.0,16.0,75000.0
4616,0.0,28000.0,528.3018867924528,720.0,480.0,300.0,224.0,208.0,243.0,Male,12.0,12.0,55500.0
4628,0.0,40000.0,754.7169811320755,360.0,460.0,126.0,120.0,235.0,200.0,Male,14.0,16.0,62040.0
4663,0.0,80000.0,1509.433962264151,500.0,500.0,287.0,272.0,145.0,255.0,Male,12.0,12.0,56100.0
4669,1.0,92000.0,1957.4468085106382,600.0,590.0,338.0,373.0,386.0,380.0,Female,18.0,19.0,103500.0
4673,1.0,88000.0,1660.377358490566,730.0,660.0,400.0,400.0,400.0,400.0,Male,14.0,12.0,51512.0
4684,1.0,85000.0,1603.7735849056603,380.0,300.0,287.0,293.0,167.0,280.0,Male,18.0,18.0,101300.0
4685,1.0,72000.0,1411.764705882353,510.0,510.0,283.0,396.0,333.0,332.0,Female,16.0,17.0,37609.0
4690,1.0,78000.0,1471.698113207547,420.0,430.0,363.0,298.0,323.0,355.0,Female,13.0,12.0,3000.0
4743,0.0,17000.0,320.75471698113205,430.0,490.0,260.0,260.0,238.0,292.0,Female,16.0,14.0,76750.0
4746,0.0,80000.0,1509.433962264151,490.0,480.0,245.0,262.0,129.0,223.0,Male,14.0,14.0,63750.0
4794,1.0,63000.0,2423.076923076923,560.0,680.0,288.0,296.0,339.0,320.0,Male,16.0,16.0,30000.0
4818,0.0,42000.0,792.4528301886793,410.0,380.0,333.0,358.0,280.0,341.0,Female,12.0,12.0,32000.0
4855,1.0,40000.0,754.7169811320755,800.0,750.0,395.0,389.0,391.0,395.0,Female,16.0,16.0,96500.0
4880,1.0,110000.0,2075.4716981132074,560.0,590.0,306.0,310.0,326.0,352.0,Female,10.0,11.0,22000.0
4923,0.0,2500.0,500.0,570.0,540.0,230.0,288.0,340.0,296.0,Female,13.0,16.0,67120.0
4936,0.0,48000.0,905.6603773584906,370.0,330.0,265.0,242.0,268.0,283.0,Male,8.0,6.0,11000.0
4947,1.0,73000.0,1377.3584905660377,580.0,490.0,325.0,393.0,298.0,362.0,Female,10.0,12.0,30000.0
4962,1.0,115000.0,2169.811320754717,530.0,530.0,303.0,295.0,325.0,317.0,Male,16.0,14.0,93000.0
4967,0.0,12000.0,244.89795918367346,640.0,520.0,338.0,378.0,290.0,361.0,Female,15.0,15.0,35000.0
4997,1.0,68000.0,1283.0188679245282,560.0,470.0,286.0,285.0,220.0,288.0,Male,9.0,12.0,45200.0
5029,0.0,50000.0,943.3962264150944,380.0,380.0,270.0,300.0,333.0,330.0,Male,12.0,14.0,35260.0
5038,1.0,100000.0,1886.7924528301887,630.0,600.0,367.0,375.0,363.0,387.0,Female,20.0,18.0,63750.0
5080,1.0,30000.0,566.0377358490566,620.0,530.0,204.0,170.0,228.0,203.0,Male,14.0,14.0,150000.0
5091,1.0,70000.0,1320.754716981132,450.0,410.0,317.0,190.0,220.0,258.0,Female,12.0,13.0,47200.0
5107,0.0,75000.0,1470.5882352941176,520.0,520.0,312.0,245.0,252.0,298.0,Female,12.0,14.0,99000.0
5110,0.0,100000.0,1886.7924528301887,640.0,540.0,199.0,190.0,151.0,253.0,Male,17.0,18.0,39604.0
5111,1.0,65000.0,1226.4150943396226,600.0,570.0,400.0,360.0,363.0,376.0,Female,13.0,16.0,53750.0
5115,1.0,30000.0,566.0377358490566,370.0,360.0,253.0,276.0,243.0,284.0,Female,14.0,14.0,66025.0
5117,1.0,235884.0,4450.641509433963,660.0,750.0,400.0,400.0,400.0,387.0,Male,16.0,16.0,75100.0
5125,1.0,235884.0,4450.641509433963,580.0,760.0,350.0,400.0,311.0,363.0,Female,18.0,20.0,111750.0
5137,1.0,105000.0,1981.132075471698,580.0,640.0,360.0,350.0,375.0,342.0,Male,12.0,9.0,28100.0
5141,1.0,60000.0,1132.0754716981132,410.0,400.0,288.0,295.0,220.0,316.0,Female,12.0,12.0,64500.0
5168,1.0,50000.0,943.3962264150944,530.0,510.0,250.0,263.0,136.0,276.0,Female,16.0,12.0,61050.0
5197,0.0,32000.0,603.7735849056604,360.0,410.0,266.0,275.0,208.0,249.0,Male,12.0,12.0,31750.0
5206,1.0,30000.0,566.0377358490566,500.0,410.0,310.0,372.0,398.0,362.0,Female,13.0,12.0,49000.0
5207,0.0,2000.0,37.735849056603776,430.0,370.0,360.0,383.0,285.0,351.0,Female,17.0,12.0,69300.0
5221,1.0,30000.0,566.0377358490566,300.0,380.0,293.0,283.0,212.0,295.0,Male,12.0,12.0,12000.0
5232,0.0,50000.0,943.3962264150944,480.0,330.0,124.0,255.0,106.0,258.0,Male,16.0,14.0,58000.0
5253,0.0,20000.0,377.35849056603774,360.0,350.0,290.0,262.0,290.0,292.0,Male,11.0,12.0,43500.0
5298,1.0,50000.0,943.3962264150944,280.0,290.0,313.0,350.0,305.0,348.0,Female,7.0,16.0,28000.0
5305,0.0,20000.0,377.35849056603774,520.0,500.0,157.0,150.0,143.0,192.0,Male,15.0,18.0,31000.0
5309,1.0,87000.0,1641.5094339622642,510.0,410.0,306.0,325.0,315.0,336.0,Female,18.0,16.0,78000.0
5337,1.0,38000.0,716.9811320754717,420.0,480.0,320.0,357.0,253.0,343.0,Female,12.0,14.0,37000.0
5343,0.0,45000.0,849.0566037735849,350.0,300.0,315.0,339.0,307.0,338.0,Male,12.0,11.0,8500.0
5364,0.0,7000.0,132.0754716981132,630.0,610.0,325.0,384.0,324.0,363.0,Female,13.0,9.0,21700.0
5385,1.0,125000.0,6250.0,580.0,710.0,410.0,400.0,408.0,411.0,Female,16.0,16.0,55500.0
5400,0.0,23000.0,433.9622641509434,570.0,490.0,287.0,300.0,300.0,322.0,Female,8.0,15.0,56100.0
5403,1.0,90000.0,1698.1132075471698,560.0,680.0,400.0,400.0,400.0,397.0,Female,14.0,12.0,25400.0
5418,0.0,35000.0,660.377358490566,430.0,400.0,86.0,270.0,167.0,205.0,Female,16.0,16.0,87000.0
5430,0.0,45000.0,849.0566037735849,400.0,470.0,265.0,287.0,108.0,238.0,Male,12.0,12.0,5800.0
5444,1.0,54000.0,1317.0731707317073,360.0,450.0,287.0,245.0,293.0,306.0,Male,12.0,17.0,94375.0
5451,1.0,235884.0,4450.641509433963,540.0,600.0,320.0,329.0,295.0,345.0,Male,10.0,16.0,21613.0
5497,1.0,65000.0,1226.4150943396226,410.0,540.0,273.0,355.0,320.0,360.0,Female,13.0,13.0,62050.0
5521,1.0,34000.0,1545.4545454545455,470.0,500.0,350.0,330.0,335.0,351.0,Female,14.0,12.0,32000.0
5527,1.0,65000.0,1226.4150943396226,550.0,690.0,386.0,345.0,382.0,335.0,Male,12.0,18.0,83400.0
5538,0.0,8240.0,242.35294117647058,570.0,530.0,367.0,375.0,345.0,357.0,Female,12.0,11.0,8127.0
5543,0.0,50000.0,943.3962264150944,510.0,590.0,280.0,190.0,235.0,248.0,Male,14.0,14.0,77900.0
5573,1.0,70000.0,1320.754716981132,500.0,560.0,300.0,300.0,300.0,337.0,Male,15.0,12.0,8140.0
5577,1.0,97000.0,1830.188679245283,580.0,670.0,400.0,354.0,415.0,341.0,Female,16.0,15.0,161800.0
5589,1.0,235884.0,4450.641509433963,570.0,550.0,363.0,330.0,325.0,368.0,Male,16.0,18.0,70000.0
5607,1.0,64000.0,1207.5471698113208,450.0,390.0,320.0,320.0,300.0,302.0,Female,14.0,16.0,100000.0
5643,1.0,125000.0,2358.490566037736,500.0,540.0,259.0,245.0,268.0,240.0,Female,12.0,13.0,114600.0
5645,0.0,53000.0,1000.0,470.0,450.0,303.0,273.0,310.0,327.0,Male,14.0,14.0,67250.0
5652,1.0,35000.0,660.377358490566,360.0,360.0,287.0,320.0,272.0,305.0,Female,13.0,16.0,50500.0
5657,1.0,65000.0,1226.4150943396226,600.0,470.0,310.0,375.0,297.0,347.0,Female,14.0,14.0,46500.0
5666,1.0,4625.0,87.26415094339623,630.0,640.0,329.0,325.0,352.0,342.0,Female,16.0,18.0,70000.0
5730,1.0,63000.0,1188.6792452830189,420.0,650.0,318.0,165.0,363.0,307.0,Male,16.0,14.0,22200.0
5784,1.0,42000.0,1024.3902439024391,480.0,430.0,293.0,315.0,195.0,316.0,Female,15.0,12.0,48400.0
5787,1.0,108000.0,2037.7358490566037,590.0,600.0,335.0,300.0,315.0,319.0,Female,18.0,20.0,246474.0
5843,1.0,42500.0,801.8867924528302,540.0,370.0,300.0,371.0,280.0,363.0,Female,16.0,18.0,30000.0
5845,1.0,78000.0,1500.0,590.0,560.0,367.0,367.0,375.0,313.0,Female,13.0,13.0,24850.0
5857,0.0,50000.0,943.3962264150944,270.0,440.0,227.0,190.0,160.0,245.0,Male,12.0,12.0,23434.0
5864,0.0,34000.0,641.5094339622641,540.0,470.0,400.0,320.0,290.0,341.0,Male,13.0,18.0,81000.0
5897,0.0,21000.0,396.22641509433964,420.0,430.0,333.0,308.0,350.0,353.0,Female,12.0,14.0,159000.0
5922,0.0,5000.0,238.0952380952381,420.0,330.0,253.0,228.0,235.0,270.0,Female,11.0,10.0,21000.0
5951,1.0,48000.0,905.6603773584906,460.0,480.0,287.0,311.0,280.0,337.0,Male,12.0,12.0,37356.0
5956,0.0,44000.0,830.188679245283,450.0,380.0,220.0,298.0,203.0,294.0,Female,14.0,12.0,29400.0
5964,0.0,35000.0,660.377358490566,370.0,240.0,293.0,342.0,280.0,314.0,Female,15.0,12.0,50220.0
5973,1.0,65000.0,1226.4150943396226,540.0,410.0,280.0,320.0,312.0,316.0,Female,16.0,12.0,52425.0
5978,0.0,45000.0,849.0566037735849,440.0,370.0,247.0,285.0,220.0,276.0,Female,12.0,16.0,33500.0
5979,1.0,98000.0,1849.0566037735848,540.0,470.0,323.0,350.0,313.0,346.0,Female,12.0,12.0,22000.0
5983,1.0,90000.0,1698.1132075471698,350.0,440.0,215.0,306.0,208.0,298.0,Male,12.0,16.0,120000.0
6001,1.0,235884.0,4450.641509433963,530.0,480.0,320.0,300.0,316.0,349.0,Male,19.0,20.0,123000.0
6006,1.0,235884.0,4450.641509433963,690.0,680.0,291.0,151.0,324.0,248.0,Female,15.0,18.0,246474.0
6009,1.0,95000.0,1792.4528301886792,680.0,560.0,300.0,325.0,400.0,371.0,Female,16.0,16.0,77610.0
6018,1.0,36000.0,679.2452830188679,440.0,420.0,287.0,290.0,248.0,316.0,Female,18.0,16.0,67182.0
6019,1.0,22000.0,415.0943396226415,620.0,530.0,300.0,312.0,295.0,325.0,Male,18.0,18.0,41288.0
6045,0.0,42000.0,792.4528301886793,480.0,390.0,231.0,240.0,245.0,244.0,Female,12.0,16.0,20500.0
6048,1.0,35000.0,660.377358490566,560.0,430.0,327.0,296.0,292.0,348.0,Male,16.0,20.0,53050.0
6049,1.0,65500.0,1235.8490566037735,430.0,360.0,273.0,304.0,282.0,323.0,Male,14.0,14.0,64000.0
6062,1.0,5000.0,94.33962264150944,550.0,420.0,255.0,290.0,237.0,290.0,Female,13.0,17.0,64040.0
6074,0.0,40000.0,754.7169811320755,310.0,260.0,160.0,100.0,212.0,213.0,Male,14.0,12.0,42200.0
6092,1.0,235884.0,4450.641509433963,560.0,540.0,307.0,363.0,255.0,358.0,Female,16.0,12.0,62000.0
6136,1.0,63000.0,1260.0,460.0,490.0,280.0,300.0,285.0,308.0,Female,13.0,16.0,75673.0
6160,1.0,42000.0,792.4528301886793,780.0,620.0,378.0,318.0,308.0,334.0,Female,14.0,12.0,35000.0
6195,1.0,28000.0,528.3018867924528,690.0,520.0,350.0,375.0,333.0,340.0,Female,15.0,19.0,52100.0
6207,1.0,57000.0,1075.4716981132076,460.0,440.0,300.0,362.0,350.0,319.0,Female,18.0,11.0,80000.0
6232,1.0,36000.0,679.2452830188679,480.0,550.0,345.0,321.0,261.0,333.0,Female,16.0,16.0,54300.0
6265,0.0,20000.0,377.35849056603774,540.0,510.0,280.0,310.0,375.0,332.0,Female,16.0,16.0,90200.0
6275,0.0,37000.0,698.1132075471698,500.0,670.0,323.0,276.0,296.0,317.0,Male,16.0,16.0,64700.0
6283,1.0,59000.0,1113.2075471698113,420.0,320.0,227.0,237.0,220.0,269.0,Female,12.0,12.0,49800.0
6306,1.0,57000.0,1117.6470588235295,460.0,460.0,345.0,350.0,320.0,357.0,Male,14.0,14.0,60300.0
6321,0.0,103000.0,1943.3962264150944,370.0,320.0,290.0,177.0,208.0,261.0,Male,11.0,11.0,71100.0
6340,0.0,48000.0,905.6603773584906,470.0,550.0,228.0,280.0,273.0,287.0,Male,12.0,14.0,55000.0
6343,0.0,62000.0,1169.811320754717,440.0,480.0,280.0,284.0,280.0,292.0,Female,15.0,14.0,41000.0
6352,1.0,40000.0,1111.111111111111,490.0,560.0,300.0,350.0,300.0,296.0,Female,16.0,16.0,51950.0
6428,1.0,127000.0,2396.2264150943397,570.0,650.0,350.0,375.0,295.0,317.0,Male,16.0,16.0,72100.0
6430,1.0,55000.0,1037.7358490566037,490.0,550.0,270.0,342.0,223.0,305.0,Female,14.0,12.0,28400.0
6432,1.0,60000.0,1132.0754716981132,550.0,600.0,333.0,307.0,345.0,332.0,Male,13.0,13.0,24850.0
6469,1.0,110000.0,2075.4716981132074,530.0,580.0,306.0,295.0,318.0,331.0,Male,17.0,19.0,107700.0
6482,1.0,14000.0,1400.0,690.0,610.0,313.0,381.0,338.0,363.0,Male,17.0,15.0,52000.0
6498,1.0,54000.0,1018.8679245283018,630.0,500.0,295.0,289.0,287.0,303.0,Female,12.0,12.0,50000.0
6499,1.0,23000.0,433.9622641509434,320.0,440.0,317.0,293.0,244.0,286.0,Female,12.0,12.0,56010.0
6515,1.0,50000.0,943.3962264150944,710.0,680.0,375.0,400.0,350.0,386.0,Female,20.0,20.0,60000.0
6525,1.0,79000.0,1490.566037735849,550.0,620.0,325.0,314.0,292.0,348.0,Male,13.0,16.0,68013.0
6543,1.0,87500.0,1650.9433962264152,730.0,720.0,375.0,376.0,375.0,372.0,Male,12.0,20.0,82100.0
6548,1.0,17000.0,320.75471698113205,550.0,560.0,320.0,318.0,335.0,310.0,Female,16.0,16.0,87000.0
6553,1.0,114000.0,2150.943396226415,700.0,710.0,400.0,400.0,348.0,389.0,Male,16.0,18.0,55000.0
6564,1.0,45000.0,849.0566037735849,550.0,480.0,315.0,320.0,295.0,329.0,Male,20.0,20.0,60000.0
6579,1.0,128000.0,2415.0943396226417,600.0,580.0,400.0,400.0,375.0,396.0,Male,14.0,12.0,100000.0
6591,1.0,13292.0,250.79245283018867,580.0,580.0,350.0,338.0,290.0,351.0,Female,14.0,16.0,32000.0
6619,1.0,110000.0,2075.4716981132074,340.0,400.0,287.0,190.0,220.0,278.0,Male,13.0,15.0,63997.0
6641,0.0,75000.0,1415.0943396226414,580.0,600.0,303.0,245.0,227.0,293.0,Male,16.0,14.0,127000.0
6656,0.0,35000.0,673.0769230769231,340.0,390.0,190.0,285.0,290.0,278.0,Male,13.0,12.0,36115.0
6669,0.0,44000.0,830.188679245283,480.0,530.0,287.0,340.0,295.0,332.0,Male,16.0,16.0,48400.0
6682,0.0,30000.0,566.0377358490566,480.0,540.0,287.0,295.0,367.0,329.0,Female,16.0,14.0,17080.0
6725,0.0,38000.0,716.9811320754717,420.0,610.0,329.0,325.0,393.0,356.0,Female,12.0,12.0,103110.0
6729,1.0,71000.0,1339.622641509434,760.0,760.0,383.0,400.0,400.0,398.0,Female,17.0,19.0,158000.0
6738,1.0,91000.0,1716.9811320754718,650.0,630.0,310.0,330.0,310.0,323.0,Female,16.0,18.0,131000.0
6758,1.0,235884.0,4450.641509433963,640.0,720.0,379.0,375.0,400.0,391.0,Male,16.0,14.0,50501.0
6763,1.0,90000.0,1698.1132075471698,660.0,510.0,330.0,375.0,303.0,314.0,Male,16.0,19.0,135000.0
6767,1.0,140000.0,2641.509433962264,700.0,720.0,396.0,408.0,389.0,390.0,Female,17.0,16.0,137500.0
6785,1.0,139000.0,2622.6415094339623,580.0,420.0,333.0,388.0,287.0,353.0,Male,16.0,16.0,115000.0
6797,1.0,70000.0,1320.754716981132,420.0,530.0,328.0,333.0,325.0,330.0,Male,12.0,13.0,76000.0
6800,1.0,235884.0,5753.268292682927,770.0,710.0,371.0,375.0,350.0,365.0,Female,16.0,16.0,104000.0
6808,1.0,105000.0,1981.132075471698,490.0,670.0,290.0,333.0,273.0,284.0,Female,16.0,16.0,140000.0
6830,1.0,107000.0,2018.867924528302,800.0,740.0,400.0,400.0,400.0,376.0,Male,18.0,18.0,111750.0
6831,1.0,49845.0,940.4716981132076,520.0,530.0,313.0,309.0,328.0,311.0,Male,17.0,18.0,149250.0
6887,0.0,130000.0,2452.830188679245,370.0,430.0,190.0,271.0,284.0,277.0,Male,12.0,12.0,55000.0
6920,1.0,36000.0,679.2452830188679,540.0,420.0,277.0,290.0,215.0,287.0,Female,14.0,16.0,107500.0
6939,1.0,34000.0,641.5094339622641,280.0,400.0,381.0,358.0,388.0,375.0,Female,5.0,15.0,20000.0
6978,1.0,105000.0,1981.132075471698,430.0,340.0,185.0,280.0,145.0,239.0,Male,14.0,14.0,21000.0
6987,0.0,60000.0,1132.0754716981132,480.0,510.0,290.0,285.0,303.0,311.0,Male,14.0,12.0,28500.0
6990,1.0,90000.0,1764.7058823529412,530.0,560.0,310.0,273.0,266.0,295.0,Male,12.0,14.0,60500.0
6991,1.0,55000.0,1037.7358490566037,350.0,310.0,219.0,164.0,250.0,267.0,Female,12.0,10.0,6228.0
6996,1.0,50000.0,943.3962264150944,580.0,400.0,280.0,222.0,220.0,268.0,Male,16.0,20.0,84000.0
6998,1.0,93000.0,1754.7169811320755,550.0,580.0,295.0,303.0,300.0,312.0,Female,8.0,15.0,56100.0
7005,1.0,70000.0,1320.754716981132,590.0,660.0,313.0,341.0,341.0,368.0,Male,12.0,14.0,40500.0
7008,1.0,42000.0,792.4528301886793,420.0,540.0,313.0,295.0,238.0,315.0,Male,17.0,10.0,70000.0
7011,1.0,50000.0,943.3962264150944,570.0,510.0,351.0,370.0,317.0,332.0,Female,20.0,18.0,113750.0
7047,1.0,109000.0,2056.603773584906,650.0,610.0,343.0,392.0,309.0,365.0,Male,18.0,20.0,89000.0
7048,1.0,95000.0,1792.4528301886792,590.0,620.0,223.0,358.0,329.0,352.0,Female,17.0,17.0,56100.0
7059,1.0,48000.0,905.6603773584906,470.0,450.0,220.0,287.0,268.0,295.0,Female,12.0,8.0,82250.0
7070,0.0,50000.0,943.3962264150944,340.0,440.0,330.0,320.0,310.0,333.0,Female,12.0,12.0,11050.0
7087,1.0,69000.0,1301.8867924528302,710.0,720.0,400.0,400.0,400.0,399.0,Female,16.0,20.0,61000.0
7129,1.0,40000.0,754.7169811320755,540.0,490.0,285.0,329.0,233.0,334.0,Female,15.0,12.0,27610.0
7135,0.0,20000.0,377.35849056603774,420.0,270.0,267.0,293.0,255.0,261.0,Male,18.0,18.0,246474.0
7140,1.0,50000.0,1219.5121951219512,580.0,540.0,388.0,370.0,363.0,356.0,Female,12.0,12.0,22600.0
7148,0.0,38000.0,716.9811320754717,410.0,460.0,277.0,283.0,305.0,313.0,Male,12.0,12.0,23000.0
7178,0.0,119000.0,2245.2830188679245,560.0,390.0,325.0,301.0,293.0,241.0,Male,12.0,16.0,78400.0
7202,1.0,74000.0,1396.2264150943397,760.0,730.0,345.0,290.0,295.0,320.0,Female,18.0,18.0,80300.0
7203,0.0,39000.0,735.8490566037735,480.0,520.0,220.0,308.0,227.0,283.0,Male,12.0,12.0,9400.0
7206,1.0,43000.0,811.3207547169811,500.0,480.0,288.0,330.0,237.0,305.0,Female,13.0,18.0,92600.0
7231,1.0,42500.0,801.8867924528302,570.0,540.0,400.0,375.0,348.0,386.0,Female,12.0,15.0,14400.0
7232,1.0,5000.0,217.3913043478261,340.0,400.0,100.0,235.0,190.0,235.0,Female,12.0,16.0,73100.0
7253,0.0,30000.0,566.0377358490566,520.0,450.0,148.0,235.0,78.0,215.0,Male,16.0,16.0,74250.0
7294,1.0,235884.0,4450.641509433963,590.0,660.0,400.0,400.0,400.0,400.0,Male,14.0,12.0,36000.0
7295,0.0,53000.0,1000.0,470.0,560.0,353.0,318.0,347.0,342.0,Male,14.0,12.0,61600.0
7296,1.0,58000.0,1094.3396226415093,400.0,470.0,383.0,356.0,325.0,365.0,Female,13.0,12.0,72500.0
7302,1.0,92000.0,1735.8490566037735,510.0,440.0,292.0,235.0,267.0,273.0,Male,12.0,14.0,67000.0
7328,1.0,120000.0,2264.1509433962265,530.0,530.0,333.0,340.0,367.0,365.0,Female,16.0,16.0,46000.0
7346,0.0,25000.0,2083.3333333333335,500.0,490.0,298.0,318.0,316.0,309.0,Female,12.0,12.0,52200.0
7368,0.0,35000.0,660.377358490566,570.0,600.0,310.0,245.0,325.0,289.0,Male,13.0,12.0,60000.0
7376,1.0,235884.0,4450.641509433963,560.0,600.0,293.0,285.0,295.0,267.0,Male,16.0,18.0,110000.0
7391,0.0,22000.0,415.0943396226415,350.0,430.0,200.0,198.0,160.0,169.0,Male,14.0,12.0,105500.0
7398,0.0,85000.0,1700.0,460.0,510.0,317.0,317.0,317.0,357.0,Male,13.0,12.0,36370.0
7399,1.0,83000.0,1566.0377358490566,570.0,530.0,330.0,349.0,330.0,370.0,Female,12.0,14.0,40500.0
7421,0.0,18000.0,400.0,550.0,480.0,290.0,340.0,300.0,296.0,Female,16.0,16.0,40500.0
7449,0.0,30000.0,1428.5714285714287,660.0,590.0,270.0,280.0,270.0,320.0,Male,12.0,12.0,93320.0
7481,1.0,63000.0,1188.6792452830189,440.0,400.0,247.0,288.0,147.0,233.0,Male,18.0,16.0,112800.0
7513,1.0,28000.0,528.3018867924528,640.0,670.0,350.0,345.0,275.0,367.0,Male,14.0,12.0,16000.0
7524,1.0,40000.0,754.7169811320755,470.0,600.0,293.0,283.0,273.0,302.0,Male,14.0,16.0,38000.0
7529,1.0,120000.0,2264.1509433962265,470.0,540.0,251.0,196.0,290.0,299.0,Male,11.0,14.0,37500.0
7541,1.0,35000.0,660.377358490566,530.0,380.0,306.0,324.0,280.0,299.0,Female,16.0,20.0,138750.0
7580,0.0,28000.0,528.3018867924528,330.0,390.0,235.0,303.0,160.0,304.0,Female,12.0,12.0,37000.0
7582,0.0,38175.0,720.2830188679245,420.0,440.0,280.0,291.0,266.0,307.0,Female,14.0,16.0,89676.0
7593,1.0,42000.0,1050.0,490.0,480.0,297.0,302.0,328.0,313.0,Female,16.0,17.0,91900.0
7603,1.0,95000.0,1792.4528301886792,220.0,320.0,287.0,224.0,300.0,273.0,Male,13.0,15.0,11850.0
7619,1.0,67000.0,1264.1509433962265,530.0,530.0,367.0,350.0,375.0,368.0,Female,12.0,12.0,81300.0
7626,1.0,72000.0,1358.4905660377358,460.0,450.0,300.0,295.0,265.0,319.0,Male,16.0,10.0,40500.0
7651,1.0,130000.0,2452.830188679245,470.0,530.0,308.0,311.0,262.0,331.0,Female,14.0,16.0,95000.0
7659,1.0,120000.0,2264.1509433962265,580.0,540.0,345.0,350.0,298.0,335.0,Female,16.0,19.0,150000.0
7665,1.0,42000.0,792.4528301886793,340.0,410.0,340.0,273.0,290.0,296.0,Female,13.0,12.0,15100.0
7669,0.0,22000.0,415.0943396226415,280.0,240.0,270.0,207.0,214.0,242.0,Male,14.0,12.0,33000.0
7674,1.0,45000.0,849.0566037735849,540.0,490.0,327.0,333.0,202.0,307.0,Male,16.0,18.0,93000.0
7680,1.0,3500.0,66.0377358490566,580.0,530.0,290.0,295.0,290.0,310.0,Female,14.0,12.0,28400.0
7683,1.0,35000.0,660.377358490566,480.0,480.0,293.0,329.0,310.0,324.0,Female,20.0,17.0,97400.0
7717,1.0,48000.0,905.6603773584906,520.0,520.0,300.0,345.0,360.0,354.0,Female,12.0,17.0,94375.0
7727,1.0,82000.0,1547.1698113207547,430.0,460.0,157.0,280.0,228.0,257.0,Male,14.0,14.0,57250.0
7732,1.0,78000.0,1471.698113207547,560.0,570.0,400.0,393.0,403.0,364.0,Female,14.0,16.0,86900.0
7756,0.0,35000.0,660.377358490566,400.0,430.0,237.0,288.0,298.0,303.0,Female,14.0,10.0,18000.0
7769,1.0,235884.0,4450.641509433963,590.0,640.0,350.0,366.0,359.0,369.0,Male,14.0,12.0,154750.0
7770,1.0,21000.0,396.22641509433964,560.0,490.0,375.0,376.0,322.0,373.0,Female,13.0,15.0,119000.0
7774,1.0,87000.0,1641.5094339622642,560.0,670.0,333.0,300.0,400.0,298.0,Male,18.0,19.0,114250.0
7787,0.0,40000.0,754.7169811320755,330.0,320.0,145.0,218.0,227.0,270.0,Male,12.0,14.0,31720.0
7812,1.0,60000.0,1153.8461538461538,430.0,430.0,300.0,295.0,313.0,343.0,Female,17.0,14.0,110600.0
7839,0.0,28000.0,538.4615384615385,450.0,500.0,333.0,320.0,315.0,335.0,Male,16.0,17.0,44030.0
7860,0.0,30000.0,566.0377358490566,420.0,530.0,367.0,400.0,360.0,383.0,Male,12.0,14.0,80900.0
7861,0.0,8000.0,150.9433962264151,520.0,560.0,293.0,356.0,310.0,350.0,Male,16.0,19.0,51750.0
7873,1.0,100000.0,1886.7924528301887,650.0,590.0,367.0,350.0,400.0,356.0,Female,16.0,19.0,135000.0
7875,0.0,42000.0,792.4528301886793,540.0,540.0,363.0,318.0,287.0,358.0,Male,12.0,14.0,69500.0
7877,0.0,60000.0,1132.0754716981132,460.0,480.0,320.0,273.0,308.0,305.0,Female,14.0,18.0,57500.0
7893,0.0,10000.0,1000.0,440.0,500.0,267.0,290.0,287.0,285.0,Male,12.0,12.0,70500.0
7908,1.0,107000.0,2018.867924528302,680.0,740.0,334.0,335.0,370.0,361.0,Male,14.0,16.0,27700.0
7921,1.0,30000.0,566.0377358490566,440.0,420.0,336.0,345.0,328.0,345.0,Male,16.0,16.0,45000.0
7924,1.0,235884.0,4450.641509433963,580.0,480.0,333.0,367.0,358.0,372.0,Female,14.0,13.0,53000.0
7928,1.0,60000.0,1132.0754716981132,450.0,460.0,270.0,271.0,280.0,308.0,Female,12.0,16.0,118400.0
7957,1.0,29000.0,547.1698113207547,460.0,460.0,400.0,375.0,383.0,381.0,Female,12.0,11.0,22100.0
7975,1.0,35000.0,660.377358490566,550.0,610.0,315.0,345.0,350.0,346.0,Male,12.0,12.0,35025.0
7977,0.0,110000.0,2075.4716981132074,540.0,720.0,304.0,285.0,335.0,329.0,Male,16.0,16.0,150500.0
7981,1.0,235884.0,4450.641509433963,480.0,550.0,287.0,290.0,295.0,305.0,Male,12.0,16.0,148000.0
7986,1.0,30000.0,566.0377358490566,410.0,350.0,265.0,190.0,225.0,231.0,Female,17.0,14.0,85000.0
8007,1.0,65000.0,1226.4150943396226,500.0,470.0,331.0,340.0,293.0,342.0,Female,20.0,16.0,16100.0
8020,1.0,37000.0,698.1132075471698,690.0,790.0,370.0,400.0,400.0,395.0,Female,12.0,12.0,81500.0
8024,1.0,140000.0,2641.509433962264,590.0,590.0,400.0,375.0,371.0,386.0,Female,16.0,16.0,113400.0
8045,1.0,100000.0,1886.7924528301887,680.0,570.0,290.0,300.0,280.0,298.0,Male,15.0,12.0,33800.0
8050,0.0,74000.0,1396.2264150943397,400.0,470.0,327.0,320.0,329.0,344.0,Male,12.0,16.0,32000.0
8053,1.0,15000.0,283.0188679245283,510.0,550.0,325.0,335.0,284.0,347.0,Female,14.0,14.0,70000.0
8066,1.0,85000.0,1603.7735849056603,670.0,630.0,290.0,304.0,318.0,317.0,Female,16.0,17.0,99000.0
8073,1.0,85000.0,1603.7735849056603,570.0,670.0,400.0,400.0,400.0,398.0,Male,20.0,20.0,130000.0
8099,0.0,40000.0,754.7169811320755,550.0,440.0,220.0,297.0,235.0,273.0,Female,14.0,13.0,78000.0
8114,0.0,10000.0,200.0,440.0,520.0,233.0,333.0,258.0,322.0,Male,16.0,17.0,59000.0
8150,1.0,120000.0,3870.967741935484,510.0,580.0,310.0,318.0,268.0,311.0,Male,17.0,16.0,82230.0
8158,1.0,30000.0,566.0377358490566,510.0,540.0,415.0,335.0,357.0,362.0,Male,16.0,18.0,83750.0
8195,0.0,50000.0,943.3962264150944,410.0,390.0,280.0,280.0,303.0,296.0,Male,10.0,12.0,7390.0
8202,1.0,90000.0,1698.1132075471698,630.0,590.0,320.0,344.0,294.0,343.0,Male,15.0,12.0,72000.0
8208,1.0,46000.0,867.9245283018868,520.0,570.0,293.0,302.0,290.0,316.0,Male,14.0,18.0,83500.0
8213,1.0,94000.0,1773.5849056603774,740.0,640.0,375.0,333.0,358.0,364.0,Male,16.0,16.0,58000.0
8227,1.0,47500.0,896.2264150943396,740.0,750.0,400.0,400.0,367.0,383.0,Female,16.0,16.0,97250.0
8239,0.0,31000.0,584.9056603773585,410.0,530.0,320.0,325.0,350.0,371.0,Female,12.0,12.0,46528.0
8250,1.0,235884.0,4450.641509433963,570.0,520.0,388.0,400.0,363.0,379.0,Female,4.0,15.0,35000.0
8257,0.0,120000.0,2264.1509433962265,470.0,390.0,300.0,320.0,193.0,302.0,Female,13.0,12.0,43720.0
8259,1.0,30000.0,566.0377358490566,520.0,510.0,367.0,325.0,363.0,360.0,Female,20.0,17.0,97400.0
8263,0.0,34000.0,641.5094339622641,610.0,500.0,273.0,288.0,201.0,273.0,Male,14.0,14.0,78700.0
8267,0.0,25000.0,471.6981132075472,500.0,450.0,320.0,289.0,245.0,284.0,Female,12.0,16.0,20500.0
8271,1.0,90000.0,1698.1132075471698,540.0,580.0,293.0,290.0,320.0,282.0,Male,14.0,13.0,7500.0
8277,0.0,50000.0,1041.6666666666667,440.0,470.0,325.0,371.0,333.0,365.0,Male,4.0,6.0,21440.0
8323,0.0,82000.0,1547.1698113207547,620.0,690.0,357.0,319.0,283.0,317.0,Male,16.0,19.0,112500.0
8329,0.0,40000.0,754.7169811320755,460.0,430.0,295.0,245.0,250.0,294.0,Female,14.0,13.0,54400.0
8339,1.0,53000.0,1000.0,530.0,510.0,280.0,295.0,290.0,315.0,Male,12.0,12.0,40000.0
8354,1.0,79973.0,1508.9245283018868,560.0,440.0,287.0,325.0,303.0,326.0,Female,12.0,12.0,73000.0
8356,1.0,44000.0,830.188679245283,660.0,590.0,346.0,293.0,286.0,318.0,Male,16.0,12.0,120000.0
8381,1.0,123800.0,2335.8490566037735,590.0,490.0,290.0,360.0,233.0,308.0,Male,17.0,18.0,113365.0
8404,1.0,42000.0,913.0434782608696,420.0,550.0,306.0,324.0,285.0,336.0,Female,14.0,16.0,80000.0
8436,0.0,25000.0,471.6981132075472,390.0,390.0,350.0,350.0,333.0,340.0,Male,9.0,12.0,5640.0
8455,1.0,70000.0,1320.754716981132,530.0,500.0,314.0,365.0,315.0,341.0,Male,12.0,16.0,76500.0
8457,1.0,235884.0,4450.641509433963,620.0,710.0,388.0,400.0,300.0,335.0,Male,14.0,12.0,21400.0
8463,1.0,98000.0,1849.0566037735848,570.0,660.0,315.0,293.0,324.0,327.0,Male,16.0,20.0,93000.0
8469,0.0,27000.0,509.4339622641509,520.0,380.0,233.0,287.0,227.0,298.0,Female,12.0,12.0,24036.0
8508,1.0,64500.0,1216.9811320754718,500.0,410.0,287.0,316.0,303.0,326.0,Female,16.0,16.0,85490.0
8510,1.0,61500.0,1397.7272727272727,510.0,410.0,290.0,320.0,290.0,328.0,Female,14.0,11.0,71000.0
8519,0.0,235884.0,4536.2307692307695,560.0,480.0,283.0,295.0,291.0,311.0,Male,14.0,9.0,54500.0
8527,1.0,80000.0,1509.433962264151,480.0,630.0,400.0,400.0,400.0,396.0,Female,12.0,18.0,21000.0
8530,1.0,60000.0,1132.0754716981132,480.0,460.0,303.0,334.0,320.0,345.0,Male,18.0,19.0,21000.0
8532,1.0,235884.0,4450.641509433963,600.0,650.0,364.0,343.0,278.0,339.0,Male,14.0,18.0,93000.0
8539,1.0,82000.0,1547.1698113207547,620.0,580.0,400.0,400.0,380.0,396.0,Female,16.0,12.0,40925.0
8564,1.0,48000.0,923.0769230769231,380.0,420.0,280.0,320.0,315.0,298.0,Female,14.0,14.0,56000.0
8574,1.0,70000.0,1320.754716981132,720.0,660.0,350.0,400.0,400.0,384.0,Male,14.0,20.0,90500.0
8612,0.0,35000.0,660.377358490566,370.0,380.0,237.0,205.0,205.0,224.0,Male,12.0,12.0,31750.0
8615,0.0,50000.0,943.3962264150944,760.0,610.0,400.0,356.0,390.0,364.0,Male,12.0,12.0,141000.0
8620,0.0,75000.0,1415.0943396226414,610.0,580.0,205.0,223.0,33.0,176.0,Male,17.0,18.0,39604.0
8650,1.0,235884.0,4450.641509433963,390.0,480.0,314.0,332.0,237.0,330.0,Male,14.0,14.0,54000.0
8653,1.0,25000.0,471.6981132075472,480.0,470.0,247.0,295.0,250.0,316.0,Female,14.0,12.0,42200.0
8665,1.0,32000.0,727.2727272727273,570.0,570.0,350.0,394.0,348.0,367.0,Male,13.0,10.0,22700.0
8670,1.0,68000.0,1283.0188679245282,430.0,360.0,227.0,265.0,240.0,278.0,Male,13.0,12.0,600.0
8679,0.0,105000.0,1981.132075471698,540.0,450.0,225.0,319.0,293.0,287.0,Female,12.0,10.0,32500.0
8692,0.0,80000.0,1509.433962264151,560.0,450.0,280.0,290.0,287.0,279.0,Male,12.0,10.0,28260.0
8698,1.0,50000.0,1162.7906976744187,500.0,470.0,280.0,285.0,293.0,301.0,Male,17.0,16.0,115900.0
8708,0.0,40000.0,754.7169811320755,410.0,410.0,235.0,258.0,213.0,249.0,Female,12.0,12.0,33300.0
8721,1.0,55000.0,1037.7358490566037,270.0,400.0,350.0,353.0,363.0,359.0,Female,12.0,14.0,77000.0
8727,0.0,35280.0,665.6603773584906,430.0,380.0,295.0,325.0,295.0,312.0,Female,12.0,14.0,34006.0
8754,1.0,66000.0,1245.2830188679245,750.0,720.0,283.0,334.0,258.0,316.0,Male,20.0,20.0,98750.0
8758,0.0,55000.0,1078.4313725490197,440.0,560.0,280.0,285.0,240.0,282.0,Male,9.0,12.0,35000.0
8766,1.0,68000.0,1283.0188679245282,730.0,660.0,327.0,325.0,238.0,278.0,Female,18.0,17.0,58700.0
8769,1.0,47000.0,886.7924528301887,460.0,390.0,294.0,262.0,167.0,295.0,Female,12.0,12.0,77475.0
8778,0.0,20000.0,377.35849056603774,350.0,360.0,167.0,295.0,295.0,266.0,Female,12.0,12.0,23434.0
8800,1.0,12000.0,226.41509433962264,390.0,380.0,293.0,315.0,327.0,273.0,Female,11.0,12.0,46000.0
8814,0.0,80000.0,1509.433962264151,340.0,470.0,240.0,295.0,235.0,304.0,Male,12.0,12.0,75000.0
8829,1.0,120000.0,2264.1509433962265,600.0,670.0,338.0,364.0,289.0,329.0,Male,16.0,11.0,246474.0
8880,1.0,235884.0,4450.641509433963,500.0,720.0,340.0,375.0,375.0,321.0,Male,16.0,16.0,51160.0
8888,1.0,80000.0,1509.433962264151,650.0,720.0,400.0,400.0,400.0,400.0,Female,14.0,16.0,68970.0
8891,1.0,110000.0,2075.4716981132074,540.0,570.0,270.0,296.0,287.0,298.0,Female,12.0,12.0,93400.0
8898,0.0,30000.0,566.0377358490566,340.0,470.0,135.0,309.0,212.0,282.0,Male,14.0,17.0,86200.0
8960,1.0,60000.0,1132.0754716981132,560.0,500.0,315.0,320.0,325.0,315.0,Female,13.0,12.0,28000.0
8979,1.0,35000.0,660.377358490566,440.0,350.0,305.0,323.0,280.0,311.0,Female,12.0,12.0,16000.0
