gdirank,country,genderdev,femalehumandevelopment,malehumandevelopment,femalelifeexpectancy,malelifeexpectancy,femaleexpectededucation,maleexpectededucation,femaleyearseducation,maleyearseducation,femaleincomepercapita,maleincomepercapita,giirank,genderinequality,maternalmortality,adolescentbirthrate,femaleperparliament,femalepersecondaryeducation,malepersecondaryeducation,femalelaborforceparticipation,malelaborforceparticipation,hdirank,hdi,lifeexpectancy,expectededucation,education,incomepercapita,incomerank
1,Norway,0.996,0.94,0.944,83.6,79.5,18.2,16.8,12.7,12.5,57140,72825,1,0.067,4,7.8,39.6,97.4,96.7,61.2,68.7,1,0.944,81.6,17.5,12.6,64992,5
2,Australia,0.976,0.922,0.945,84.5,80.3,20.7,19.7,13.1,12.9,33688,50914,2,0.11,6,12.1,30.5,94.3,94.6,58.8,71.8,2,0.935,82.4,20.2,13,42261,17
3,Switzerland,0.95,0.898,0.945,85,80.8,15.7,15.9,11.5,13.1,44132,69077,3,0.028,6,1.9,28.5,95,96.6,61.8,74.9,3,0.93,83,15.8,12.8,56431,6
4,Denmark,0.977,0.912,0.934,82.2,78.3,19.3,18.1,12.8,12.7,36439,51727,4,0.048,5,5.1,38,95.5,96.6,58.7,66.4,4,0.923,80.2,18.7,12.7,44025,11
5,Netherlands,0.947,0.893,0.943,83.3,79.7,18,17.9,11.6,12.2,29500,61641,5,0.062,6,6.2,36.9,87.7,90.5,58.5,70.6,5,0.922,81.6,17.9,11.9,45435,9
6,Germany,0.963,0.901,0.936,83.3,78.5,16.3,16.6,12.9,13.8,34886,53290,6,0.041,7,3.8,36.9,96.3,97,53.6,66.4,6,0.916,80.9,16.5,13.1,43919,11
6,Ireland,0.973,0.901,0.926,83,78.8,18.5,18.7,12.3,12,30104,49166,6,0.113,9,8.2,19.9,80.5,78.6,53.1,68.1,6,0.916,80.9,18.6,12.2,39568,16
8,United States,0.995,0.911,0.916,81.4,76.7,17.2,15.7,13,12.9,43054,63158,8,0.28,28,31,19.4,95.1,94.8,56.3,68.9,8,0.915,79.1,16.5,12.9,52947,3
9,Canada,0.982,0.904,0.921,84,80,16.3,15.5,13.1,13,33587,50853,9,0.129,11,14.5,28.2,100,100,61.6,71,9,0.913,82,15.9,13,42155,11
9,New Zealand,0.961,0.894,0.93,83.6,80,20,18.3,12.5,12.6,24309,41372,9,0.157,8,25.3,31.4,95,95.3,62,73.8,9,0.913,81.8,19.2,12.5,32689,23
11,Singapore,0.985,0.898,0.912,86,79.9,15.5,15.3,10.1,10.9,59994,93699,11,0.088,6,6,25.3,74.1,81,58.8,77.2,11,0.912,83,15.4,10.6,76628,-7
12,"Hong Kong, China (SAR)",0.958,0.892,0.931,86.8,81.2,15.7,15.5,10.9,11.9,38060,72052,12,,,3.3,,72.2,79.2,51.3,67.8,12,0.91,84,15.6,11.2,53959,-2
13,Liechtenstein,,,,,,13.8,16.1,,,,,13,,,,20,,,,,13,0.908,80,15,11.8,79851,-10
14,Sweden,0.999,0.906,0.906,83.9,80.4,16.6,15.1,12.2,12,40222,51084,14,0.055,4,6.5,43.6,86.5,87.3,60.3,67.9,14,0.907,82.2,15.8,12.1,45636,-1
14,United Kingdom,0.965,0.888,0.92,82.6,78.7,16.6,15.8,12.9,13.2,27259,51628,14,0.177,8,25.8,23.5,99.8,99.9,55.7,68.7,14,0.907,80.7,16.2,13.1,39267,9
16,Iceland,0.975,0.886,0.909,84,81,20.1,17.9,10.8,10.4,28792,41486,16,0.087,4,11.5,41.3,91,91.6,70.5,77.4,16,0.899,82.6,19,10.6,35182,12
17,Korea (Republic of),0.93,0.861,0.926,85,78.5,16,17.7,11.2,12.7,21896,46018,17,0.125,27,2.2,16.3,77,89.1,50.1,72.1,17,0.898,81.9,16.9,11.9,33890,13
18,Israel,0.971,0.879,0.905,84.1,80.5,16.5,15.5,12.5,12.6,22451,39064,18,0.101,2,7.8,22.5,84.4,87.3,57.9,69.1,18,0.894,82.4,16,12.5,30676,16
19,Luxembourg,0.971,0.877,0.903,83.9,79.3,14,13.7,11.3,12.1,47723,69800,19,0.1,11,8.3,28.3,100,100,50.7,64.6,19,0.892,81.7,13.9,11.7,58711,-11
20,Japan,0.961,0.87,0.905,86.7,80.2,15.2,15.5,11.3,11.7,24975,49541,20,0.133,6,5.4,11.6,87,85.8,48.8,70.4,20,0.891,83.5,15.3,11.5,36927,7
21,Belgium,0.975,0.872,0.895,83.2,78.3,16.7,16,10.6,11.1,31879,50845,21,0.063,6,6.7,42.4,77.5,82.9,47.5,59.3,21,0.89,80.8,16.3,11.3,41187,0
22,France,0.987,0.881,0.893,85.1,79.2,16.4,15.6,11,11.3,31073,45497,22,0.088,12,5.7,25.7,78,83.2,50.7,61.6,22,0.888,82.2,16,11.1,38056,4
23,Austria,0.943,0.856,0.909,83.8,78.8,16.1,15.4,9.9,11.9,29598,58826,23,0.053,4,4.1,30.3,100,100,54.6,67.7,23,0.885,81.4,15.7,10.8,43869,-5
24,Finland,0.996,0.879,0.882,83.6,78,17.7,16.5,10.2,10.2,31644,45994,24,0.075,4,9.2,42.5,100,100,55.7,64,24,0.883,80.8,17.1,10.3,38695,0
25,Slovenia,0.996,0.877,0.881,83.4,77.3,17.7,16,11.8,12,22180,33593,25,0.016,7,0.6,27.7,95.8,98,52.3,63.2,25,0.88,80.4,16.8,11.9,27852,12
26,Spain,0.975,0.863,0.885,85.3,79.8,17.7,17,9.4,9.8,24059,40221,26,0.095,4,10.6,38,66.8,73.1,52.5,65.8,26,0.876,82.6,17.3,9.6,32045,7
27,Italy,0.964,0.851,0.883,85.5,80.6,16.5,15.6,9.5,10.2,22526,44148,27,0.068,4,4,30.1,71.2,80.5,39.6,59.5,27,0.873,83.1,16,10.1,33030,4
28,Czech Republic,0.98,0.859,0.877,81.5,75.7,16.9,15.8,12.1,12.5,19929,33604,28,0.091,5,4.9,18.9,99.9,99.7,51.1,68.3,28,0.87,78.6,16.4,12.3,26660,10
29,Greece,0.961,0.844,0.879,83.8,78,17.7,17.6,9.8,10.5,17288,31952,29,0.146,5,11.9,21,59.5,67,44.2,62.5,29,0.865,80.9,17.6,10.3,24524,14
30,Estonia,1.03,0.872,0.847,81.3,72,17.4,15.6,12.7,12.2,20854,30254,30,0.164,11,16.8,19.8,100,100,56.2,68.9,30,0.861,76.8,16.5,12.5,25214,12
31,Brunei Darussalam,0.977,0.84,0.86,80.7,77,14.9,14.2,8.5,9,54228,90437,31,,27,23,,63.9,67.8,52.6,75.3,31,0.856,78.8,14.5,8.8,72570,-26
32,Cyprus,0.971,0.836,0.861,82.4,78,14.2,13.8,11.4,11.8,22613,34400,32,0.124,10,5.5,12.5,76,81.7,56,71.1,32,0.85,80.2,14,11.6,28633,3
32,Qatar,0.998,0.853,0.854,79.9,77.3,14,13.9,10.4,8.8,55123,143979,32,0.524,6,9.5,0,66.7,59,50.8,95.5,32,0.85,78.2,13.8,9.1,123124,-31
34,Andorra,,,,,,,,,,,,34,,,,50,49.5,49.3,,,34,0.845,81.3,13.5,9.6,43978,-18
35,Slovakia,0.999,0.841,0.842,79.9,72.5,15.7,14.5,12.3,12.2,19903,32122,35,0.164,7,15.9,18.7,99.1,99.5,51.1,68.6,35,0.844,76.3,15.1,12.2,25845,5
36,Poland,1.007,0.844,0.839,81.4,73.4,16.3,14.7,11.7,11.9,18423,28271,36,0.138,3,12.2,22.1,79.4,85.5,48.9,64.9,36,0.843,77.4,15.5,11.8,23177,10
37,Lithuania,1.03,0.851,0.827,78.9,67.7,16.9,15.9,12.3,12.5,20955,28656,37,0.125,11,10.6,23.4,89.1,94.3,55.8,67.3,37,0.839,73.3,16.4,12.4,24500,7
37,Malta,0.937,0.806,0.861,82.2,78.8,14.8,14,9.9,10.8,16435,39432,37,0.227,9,18.2,13,68.6,78.2,37.9,66.3,37,0.839,80.6,14.4,10.3,27930,-1
39,Saudi Arabia,0.901,0.778,0.864,75.7,73,16.6,16.1,7.8,9.3,20094,77044,39,0.284,16,10.2,19.9,60.5,70.3,20.2,78.3,39,0.837,74.3,16.3,8.7,52821,-27
40,Argentina,0.982,0.819,0.834,80.1,72.4,19.1,16.8,9.8,9.8,14202,30237,40,0.376,69,54.4,36.8,56.3,57.6,47.5,75,40,0.836,76.3,17.9,9.8,22050,11
41,United Arab Emirates,0.954,0.796,0.835,78.5,76.3,13.9,12.9,9.9,8.5,22391,77300,41,0.232,8,27.6,17.5,73.1,61.2,46.5,92,41,0.835,77,13.3,9.5,60868,-34
42,Chile,0.967,0.815,0.843,84.5,78.6,15.5,15,9.7,9.9,14732,27992,42,0.338,22,55.3,15.8,73.3,76.4,49.2,74.8,42,0.832,81.7,15.2,9.8,21290,11
43,Portugal,0.985,0.823,0.836,83.8,77.9,16.5,16.1,8.1,8.4,21259,30543,43,0.111,8,12.6,31.3,47.7,48.2,54.9,66.2,43,0.83,80.9,16.3,8.2,25757,-2
44,Hungary,0.976,0.818,0.838,78.7,71.5,15.7,15.1,11.3,12.2,17443,28960,44,0.209,14,12.1,10.1,97.9,98.7,44.8,60,44,0.828,75.2,15.4,11.6,22916,3
45,Bahrain,0.94,0.789,0.839,77.6,75.8,15.1,13.7,9.1,9.6,20038,49890,45,0.265,22,13.8,15,56.7,51.4,39.2,86.9,45,0.824,76.6,14.4,9.4,38599,-20
46,Latvia,1.029,0.829,0.805,78.9,69.1,15.9,14.6,11.7,11.2,18437,26845,46,0.167,13,13.5,18,98.9,99,54.9,67.6,46,0.819,74.2,15.2,11.5,22281,4
47,Croatia,0.987,0.812,0.823,80.6,74,15.4,14.2,10.5,11.6,16200,22853,47,0.149,13,12.7,25.8,85,93.6,44.7,58.4,47,0.818,77.3,14.8,11,19409,11
48,Kuwait,0.972,0.793,0.816,75.8,73.5,15.2,14.2,7.3,7.1,42292,111988,48,0.387,14,14.5,1.5,55.6,56.3,43.6,83.1,48,0.816,74.4,14.7,7.2,83961,-46
49,Montenegro,0.954,0.782,0.819,78.4,74.1,15.5,14.8,10.5,11.8,11106,18094,49,0.171,7,15.2,17.3,84.2,94.7,43,57.3,49,0.802,76.2,15.2,11.2,14558,27
50,Belarus,1.021,0.806,0.789,77.2,65.5,16.2,15.1,11.9,12.1,12922,21010,50,0.151,1,20.6,30.1,87,92.2,50.1,63.1,50,0.798,71.3,15.7,12,16676,14
50,Russian Federation,1.019,0.804,0.789,75.8,64.4,15.1,14.3,11.9,12,17269,28287,50,0.276,24,25.7,14.5,89.6,92.5,57.1,71.7,50,0.798,70.1,14.7,12,22352,-1
52,Oman,0.909,0.741,0.815,79.2,75.1,13.9,13.5,7,8.5,14709,46400,52,0.275,11,10.6,9.6,47.2,57.1,29,82.6,52,0.793,76.8,13.6,8,34858,-23
52,Romania,0.989,0.787,0.796,78.3,71.2,14.6,13.8,10.3,11.1,15250,21117,52,0.333,33,31,12,86.1,92,48.7,64.9,52,0.793,74.7,14.2,10.8,18108,10
52,Uruguay,1.018,0.797,0.783,80.6,73.5,16.6,14.4,8.7,8.2,14721,24166,52,0.313,14,58.3,11.5,54.4,50.3,55.6,76.8,52,0.793,77.2,15.5,8.5,19283,7
55,Bahamas,,,,78.3,72.3,,,11.1,10.7,17868,24957,55,0.298,37,28.5,16.7,91.2,87.6,69.3,79.3,55,0.79,75.4,12.6,10.9,21336,-3
56,Kazakhstan,1.002,0.787,0.785,74.1,64.6,15.4,14.7,11.3,11.5,15408,26746,56,0.267,26,29.9,20.1,95.3,98.8,67.7,77.9,56,0.788,69.4,15,11.4,20867,-1
57,Barbados,1.018,0.791,0.777,78,73.2,17.2,13.8,10.6,10.2,10245,14739,57,0.357,52,48.4,19.6,89.5,87.7,65.9,76.6,57,0.785,75.6,15.4,10.5,12488,27
58,Antigua and Barbuda,,,,78.5,73.5,14.6,13.3,,,,,58,,,49.3,25.7,,,,,58,0.783,76.1,14,9.2,20070,-1
59,Bulgaria,0.991,0.777,0.784,77.7,70.8,14.6,14.1,10.6,10.4,12448,18926,59,0.212,5,35.9,20.4,93,95.7,47.9,59,59,0.782,74.2,14.4,10.6,15596,13
60,Palau,,,,,,13.9,13.5,,,,,60,,,,10.3,,,,,60,0.78,72.7,13.7,12.3,13496,18
60,Panama,0.996,0.776,0.779,80.7,74.6,13.8,12.8,9.6,9.1,13699,22597,60,0.454,85,78.5,19.3,54,49.9,49,81.8,60,0.78,77.6,13.3,9.3,18192,1
62,Malaysia,0.947,0.753,0.795,77.1,72.4,12.7,12.7,9.4,10.1,15635,30320,62,0.209,29,5.7,14.2,65.1,71.3,44.4,75.5,62,0.779,74.7,12.7,10,22762,-14
63,Mauritius,0.95,0.752,0.792,78,70.9,15.9,15.2,8,9.1,10541,24581,63,0.419,73,30.9,11.6,49.4,58,43.6,74.2,63,0.777,74.4,15.6,8.5,17470,0
64,Seychelles,,,,78.1,68.9,13.3,13.4,,,,,64,,,56.3,43.8,66.9,66.6,,,64,0.772,73.1,13.4,9.4,23300,-19
64,Trinidad and Tobago,0.985,0.763,0.774,74,67,12.5,12.1,10.7,10.9,19669,32656,64,0.371,84,34.8,24.7,59.7,60.9,53,75.5,64,0.772,70.4,12.3,10.9,26090,-25
66,Serbia,0.966,0.757,0.784,77.7,72.1,14.9,13.9,9.8,11.2,9697,14799,66,0.176,16,16.9,34,58.4,73.6,44.5,60.9,66,0.771,74.9,14.4,10.5,12190,20
67,Cuba,0.954,0.747,0.783,81.5,77.4,14.4,13.3,11.4,11.6,4912,9665,67,0.356,80,43.1,48.9,74.3,78.8,43.4,70,67,0.769,79.4,13.8,11.5,7301,47
67,Lebanon,0.899,0.718,0.8,81.3,77.6,13.6,13.9,7.6,8.2,7334,25391,67,0.385,16,12,3.1,53,55.4,23.3,70.9,67,0.769,79.3,13.8,7.9,16509,-1
69,Costa Rica,0.974,0.753,0.774,81.9,77,14.3,13.4,8.4,8.3,9680,17033,69,0.349,38,60.8,33.3,50.7,50.5,46.6,79,69,0.766,79.4,13.9,8.4,13413,10
69,Iran (Islamic Republic of),0.858,0.689,0.804,76.5,74.3,15,15.2,7.7,8.6,4828,25924,69,0.515,23,31.6,3.1,62.2,67.6,16.6,73.6,69,0.766,75.4,15.1,8.2,15440,4
71,Venezuela (Bolivarian Republic of),1.03,0.772,0.749,78.5,70.2,15.3,13.1,9.2,8.6,12458,19840,71,0.476,110,83.2,17,56.6,50.8,51.1,79.2,71,0.762,74.2,14.2,8.9,16159,-2
72,Turkey,0.902,0.716,0.793,78.5,72,14,15.1,6.7,8.5,10024,27645,72,0.359,20,30.9,14.4,39,60,29.4,70.8,72,0.761,75.3,14.5,7.6,18677,-12
73,Sri Lanka,0.948,0.73,0.769,78.2,71.5,14.2,13.3,10.7,10.9,5452,14307,73,0.37,29,16.9,5.8,72.7,76.4,35.1,76.3,73,0.757,74.9,13.7,10.8,9779,29
74,Mexico,0.943,0.731,0.775,79.2,74.4,13.2,12.9,8.2,8.8,10233,22252,74,0.373,49,63.4,37.1,55.7,60.6,45.1,79.9,74,0.756,76.8,13.1,8.5,16056,-4
75,Brazil,0.997,0.752,0.754,78.3,70.7,15.6,14.8,7.8,7.5,11393,19084,75,0.457,69,70.8,9.6,54.6,52.4,59.4,80.8,75,0.755,74.5,15.2,7.7,15175,-1
76,Georgia,0.962,0.736,0.765,78.4,71.2,14,13.6,12,12.3,4887,9718,76,0.382,41,46.8,11.3,89.7,92.7,56.5,75.1,76,0.754,74.9,13.8,12.1,7164,40
77,Saint Kitts and Nevis,,,,,,13.4,12.4,,,,,77,,,,6.7,,,,,77,0.752,73.8,12.9,8.4,20805,-21
78,Azerbaijan,0.942,0.721,0.766,74,67.7,11.8,12,10.5,11.2,10120,22814,78,0.303,26,40,15.6,93.7,97.4,62.9,69.6,78,0.751,70.8,11.9,11.2,16428,-11
79,Grenada,,,,75.9,71,16.3,15.3,,,,,79,,23,35.4,25,,,,,79,0.75,73.4,15.8,8.6,10939,14
80,Jordan,0.86,0.674,0.784,75.8,72.4,13.7,13.3,9.3,10.5,3587,18831,80,0.473,50,26.5,11.6,69.5,78.5,15.6,66.6,80,0.748,74,13.5,9.9,11365,11
81,The former Yugoslav Republic of Macedonia,0.949,0.726,0.765,77.7,73.1,13.5,13.2,8.7,9.8,8796,14754,81,0.164,7,18.3,33.3,40.2,55.6,43.1,67.5,81,0.747,75.4,13.4,9.3,11780,9
81,Ukraine,1.003,0.747,0.745,75.9,66,15.4,14.9,11.3,11.4,6518,10120,81,0.286,23,25.7,11.8,91.7,95.9,53.2,66.9,81,0.747,71,15.1,11.3,8178,25
83,Algeria,0.837,0.637,0.761,77.2,72.5,14.2,13.8,4.8,7.8,3898,22009,83,0.413,89,10,25.7,26.7,31,15.2,72.2,83,0.736,74.8,14,7.6,13054,-1
84,Peru,0.947,0.712,0.752,77.2,71.9,13.1,13,8.5,9.6,8040,13977,84,0.406,89,50.7,22.3,56.3,66.1,68.2,84.4,84,0.734,74.6,13.1,9,11015,8
85,Albania,0.948,0.711,0.75,80.4,75.4,11.9,11.8,8.9,9.6,7217,12655,85,0.217,21,15.3,20.7,81.8,87.9,44.9,65.5,85,0.733,77.8,11.8,9.3,9943,14
85,Armenia,1.008,0.734,0.728,78.6,70.9,13.6,11.2,10.8,10.9,6042,10089,85,0.318,29,27.1,10.7,94,95,54.2,72.6,85,0.733,74.7,12.3,10.9,8124,22
85,Bosnia and Herzegovina,,,,79,74,,,6.6,8.6,6514,12912,85,0.201,8,15.1,19.3,44.9,69.8,34.1,57.3,85,0.733,76.5,13.6,8.3,9638,19
88,Ecuador,0.98,0.722,0.737,78.7,73.2,14.5,13.9,7.4,7.6,8487,12723,88,0.407,87,77,41.6,40.1,39.4,54.7,82.7,88,0.732,75.9,14.2,7.6,10605,7
89,Saint Lucia,0.991,0.725,0.731,77.8,72.4,13,12.1,9.4,9.3,8018,11576,89,,34,56.3,20.7,,,62.7,76.2,89,0.729,75.1,12.6,9.3,9765,14
90,China,0.943,0.705,0.747,77.3,74.3,13.2,12.9,6.9,8.2,10128,14795,90,0.191,32,8.6,23.6,58.7,71.9,63.9,78.3,90,0.727,75.8,13.1,7.5,12547,-7
90,Fiji,0.941,0.699,0.743,73.2,67.2,16,15.5,9.8,10,4274,10592,90,0.418,59,42.8,14,64.2,64.5,37.5,72,90,0.727,70,15.7,9.9,7493,21
90,Mongolia,1.028,0.737,0.716,73.9,65.3,15.3,13.9,9.5,9,9029,12462,90,0.325,68,18.7,14.9,85.3,84.1,56.6,69.3,90,0.727,69.4,14.6,9.3,10729,4
93,Thailand,1,0.726,0.726,77.9,71.1,13.9,13.1,7.1,7.5,11820,14888,93,0.38,26,41,6.1,35.7,40.8,64.3,80.7,93,0.726,74.4,13.5,7.3,13323,-13
94,Dominica,,,,,,,,,,,,94,,,,21.9,29.7,23.2,,,94,0.724,77.8,12.7,7.9,9994,4
94,Libya,0.95,0.699,0.736,74.6,68.9,14.3,13.8,7.7,7,7427,22392,94,0.134,15,2.5,16,55.5,41.9,30,76.4,94,0.724,71.6,14,7.3,14911,-19
96,Tunisia,0.894,0.671,0.751,77.3,72.5,15,14,5.9,7.8,4748,16159,96,0.24,46,4.6,31.3,32.8,46.1,25.1,70.9,96,0.721,74.8,14.6,6.8,10404,1
97,Colombia,0.997,0.719,0.721,77.7,70.5,13.9,13.2,7.4,7.3,9785,14372,97,0.429,83,68.5,20.9,56.9,55.6,55.8,79.7,97,0.72,74,13.5,7.3,12040,-9
97,Saint Vincent and the Grenadines,,,,75.1,70.9,13.4,13.1,,,7283,12541,97,,45,54.5,13,,,55.7,78,97,0.72,72.9,13.4,8.6,9937,3
99,Jamaica,0.995,0.715,0.719,78.1,73.3,13.1,11.6,10,9.4,5820,9059,99,0.43,80,70.1,16.7,74,70.2,56.1,70.9,99,0.719,75.7,12.4,9.7,7415,13
100,Tonga,0.967,0.704,0.727,75.8,69.9,15,14.4,10.7,10.8,3796,6336,100,0.666,120,18.1,0,87.5,88.3,53.5,74.6,100,0.717,72.8,14.7,10.7,5069,32
101,Belize,0.958,0.696,0.727,72.9,67.4,13.9,13.2,10.5,10.5,5034,10198,101,0.426,45,71.4,13.3,76.4,75.8,49.2,82.3,101,0.715,70,13.6,10.5,7614,9
101,Dominican Republic,0.995,0.71,0.713,76.7,70.4,13.6,12.6,7.7,7.2,8860,14903,101,0.477,100,99.6,19.1,55.6,53.1,51.3,78.6,101,0.715,73.5,13.1,7.6,11883,-12
103,Suriname,0.975,0.702,0.72,74.4,68,13.6,11.8,7.3,8,10241,20970,103,0.463,130,35.2,11.8,44.6,47.1,40.5,68.8,103,0.714,71.1,12.7,7.7,15617,-32
104,Maldives,0.937,0.678,0.723,77.8,75.8,12.8,12.5,5.7,6,8531,16073,104,0.243,31,4.2,5.9,27.3,32.7,56.2,77.5,104,0.706,76.8,13,5.8,12328,-19
105,Samoa,0.956,0.681,0.713,76.8,70.4,13.2,12.5,10.3,10.3,3416,7124,105,0.457,58,28.3,6.1,64.3,60,23.5,58.4,105,0.702,73.4,12.9,10.3,5327,24
106,Botswana,0.982,0.691,0.704,66.8,62.1,12.6,12.4,8.7,9.1,15179,18096,106,0.48,170,44.2,9.5,73.6,77.9,71.9,81.6,106,0.698,64.5,12.5,8.9,16646,-41
107,Moldova (Republic of),1.003,0.694,0.692,75.7,67.4,12.2,11.6,11.1,11.3,4599,5915,107,0.248,21,29.3,20.8,93.6,96.6,37.6,44.2,107,0.693,71.6,11.9,11.2,5223,23
108,Egypt,0.868,0.633,0.729,73.4,69,13.3,13.8,5.4,7.7,4928,16049,108,0.573,45,43,2.2,43.9,60.6,23.7,74.8,108,0.69,71.1,13.5,6.6,10512,-12
109,Turkmenistan,,,,69.9,61.5,10.6,11,,,8725,17552,109,,61,18,25.8,,,46.9,76.9,109,0.688,65.6,10.8,9.9,13066,-28
110,Gabon,,,,65,63.8,,,8.9,6.6,13527,19177,110,0.514,240,103,16.2,53.9,36.1,56.2,65.4,110,0.684,64.4,12.5,7.8,16367,-42
110,Indonesia,0.927,0.655,0.706,71,66.9,13.1,12.9,7,8.2,6485,13052,110,0.494,190,48.3,17.1,39.9,49.2,51.4,84.2,110,0.684,68.9,13,7.6,9788,-9
112,Paraguay,0.956,0.662,0.692,75.1,70.8,12.2,11.7,7.5,7.9,5576,9678,112,0.472,110,67,16.8,36.8,43,55.7,84.8,112,0.679,72.9,11.9,7.7,7643,-3
113,"Palestine, State of",0.86,0.607,0.706,74.9,71,13.8,12.2,8.4,9.3,1580,7726,113,,,45.8,,53.9,59.4,15.4,66.4,113,0.677,72.9,13,8.9,4699,21
114,Uzbekistan,0.945,0.64,0.678,71.8,65,11.3,11.7,9.5,9.9,3811,7342,114,,36,38.8,16.4,,,48.1,75.6,114,0.675,68.4,11.5,10.9,5567,10
115,Philippines,0.977,0.649,0.664,71.8,64.9,11.5,11.1,8.4,7.9,5382,10439,115,0.42,120,46.8,27.1,65.9,63.7,51.1,79.7,115,0.668,68.2,11.3,8.9,7915,-7
116,El Salvador,0.965,0.652,0.676,77.4,68.3,12.1,12.4,6.2,6.9,5497,9406,116,0.427,69,76,27.4,36.8,43.6,47.8,79,116,0.666,73,12.3,6.5,7349,-3
116,South Africa,0.948,0.646,0.681,59.3,55.2,13.7,13.4,9.7,10.2,8713,15737,116,0.407,140,50.9,40.7,72.7,75.9,44.5,60.5,116,0.666,57.4,13.6,9.9,12122,-29
116,Viet Nam,,,,80.5,71,,,7,7.9,4624,5570,116,0.308,49,29,24.3,59.4,71.2,73,82.2,116,0.666,75.8,11.9,7.5,5092,15
119,Bolivia (Plurinational State of),0.931,0.637,0.684,70.9,65.9,12.9,13.4,7.5,8.9,4383,7140,119,0.444,200,71.9,51.8,47.6,59.1,64.2,80.9,119,0.662,68.3,13.2,8.2,5760,4
120,Kyrgyzstan,0.961,0.638,0.664,74.6,66.6,12.7,12.3,10.5,10.6,2122,3992,120,0.353,75,29.3,23.3,94.5,96.8,56,79.5,120,0.655,70.6,12.5,10.6,3044,29
121,Iraq,0.787,0.561,0.712,71.7,67.2,8.7,11.4,5.1,7.7,4279,23515,121,0.539,67,68.7,26.5,27.8,50.2,14.9,69.8,121,0.654,69.4,10.1,6.4,14003,-44
122,Cabo Verde,,,,75,71.4,13.9,13.1,,,4098,8105,122,,53,70.6,20.8,,,51.5,83.7,122,0.646,73.3,13.5,4.7,6094,-1
123,Micronesia (Federated States of),,,,70.1,68.1,,,,,,,123,,96,18.6,0,,,,,123,0.64,69.1,11.7,9.7,3432,21
124,Guyana,0.984,0.626,0.636,68.8,64.2,11.2,9.4,8.9,8,4164,8804,124,0.515,250,88.5,31.3,60.3,47.8,42.6,80.5,124,0.636,66.4,10.3,8.5,6522,-4
125,Nicaragua,0.96,0.615,0.64,77.9,71.9,11.8,11.3,6.2,5.8,2967,5979,125,0.449,100,100.8,39.1,39.4,38.3,47.4,80.3,125,0.631,74.9,11.5,6,4457,12
126,Morocco,0.828,0.555,0.67,75.1,73,10.6,11.6,3.2,5.3,3222,10573,126,0.525,120,35.8,11,20.7,30.2,26.5,75.8,126,0.628,74,11.6,4.4,6850,-8
126,Namibia,0.981,0.62,0.632,67.3,62.1,11.4,11.3,6.3,6.1,7672,11267,126,0.401,130,54.9,37.7,33.3,34.4,54.7,63.7,126,0.628,64.8,11.3,6.2,9418,-21
128,Guatemala,0.949,0.608,0.641,75.3,68.3,10.2,11,5.5,5.7,5021,8934,128,0.533,140,97.2,13.3,21.9,23.2,49.3,88.2,128,0.627,71.8,10.7,5.6,6929,-11
129,Tajikistan,0.926,0.6,0.648,73.2,66.2,10.5,12,9.6,11.2,2014,3017,129,0.357,44,42.8,15.2,95.1,91.2,58.9,77.1,129,0.624,69.4,11.2,10.4,2517,27
130,India,0.795,0.525,0.66,69.5,66.6,11.3,11.8,3.6,7.2,2116,8656,130,0.563,190,32.8,12.2,27,56.6,27,79.9,130,0.609,68,11.7,5.4,5497,-4
131,Honduras,0.944,0.583,0.618,75.7,70.7,11.6,10.6,5.5,5.4,2365,5508,131,0.48,120,84,25.8,28,25.8,42.8,82.9,131,0.606,73.1,11.1,5.5,3938,7
132,Bhutan,0.897,0.572,0.638,69.7,69.2,12.8,12.6,2,4.1,5733,8418,132,0.457,120,40.9,8.3,34,34.5,66.7,77.2,132,0.605,69.5,12.6,3,7176,-17
133,Timor-Leste,0.868,0.548,0.631,70.1,66.5,11.3,12,3.6,5.3,3122,7530,133,,270,52.2,38.5,,,24.6,50.8,133,0.595,68.2,11.7,4.4,5363,-6
134,Syrian Arab Republic,0.834,0.52,0.623,76.5,64,12.2,12.3,5.4,7.4,864,4523,134,0.533,49,41.6,12.4,29.5,40.5,13.5,72.7,134,0.594,69.6,12.3,6.3,2728,21
134,Vanuatu,0.903,0.587,0.65,74,69.9,10.2,10.9,8,10,2141,3445,134,,86,44.8,0,,,61.5,80,134,0.594,71.9,10.6,6.8,2803,19
136,Congo,0.922,0.561,0.609,63.9,60.8,10.9,11.3,4.9,6.5,5165,6859,136,0.593,410,126.7,11.5,39.7,47,68.5,73,136,0.591,62.3,11.1,6.1,6012,-14
137,Kiribati,,,,69.2,62.8,12.7,11.9,,,,,137,,130,16.6,8.7,,,,,137,0.59,66,12.3,7.8,2434,21
138,Equatorial Guinea,,,,59,56.3,,,4,7.2,17073,24850,138,,290,112.6,19.7,,,80.7,92.2,138,0.587,57.6,9,5.5,21056,-84
139,Zambia,0.917,0.558,0.609,62,58.2,13,13.9,5.8,7.3,3019,4452,139,0.587,280,125.4,12.7,25.8,44,73.1,85.6,139,0.586,60.1,13.5,6.6,3734,2
140,Ghana,0.885,0.54,0.61,62.3,60.4,11,12,5.6,7.9,3200,4515,140,0.554,380,58.4,10.9,45.2,64.7,67.3,71.4,140,0.579,61.4,11.5,7,3852,-1
141,Lao People's Democratic Republic,0.896,0.543,0.606,67.5,64.8,10.1,11,3.9,6.1,4086,5279,141,,,65,25,22.9,37,76.3,79.1,141,0.575,66.2,10.6,5,4680,-6
142,Bangladesh,0.917,0.541,0.59,72.9,70.4,10.3,9.7,4.5,5.5,2278,4083,142,0.503,170,80.6,20,34.1,41.3,57.4,84.1,142,0.57,71.6,10,5.1,3191,5
143,Cambodia,0.89,0.519,0.584,70.3,66.2,10.3,11.5,3.2,5.4,2526,3393,143,0.477,170,44.3,19,9.9,22.9,78.8,86.5,143,0.555,68.4,10.9,4.4,2949,7
143,Sao Tome and Principe,0.891,0.52,0.584,68.4,64.4,11.4,11.2,4,5.5,1886,3976,143,,210,65.1,18.2,,,45.3,77.8,143,0.555,66.5,11.3,4.7,2918,8
145,Kenya,0.913,0.527,0.577,63.4,59.9,10.7,11.3,5.9,7.3,2255,3270,145,0.552,400,93.6,20.8,25.3,31.4,62.2,72.4,145,0.548,61.6,11,6.3,2762,9
145,Nepal,0.908,0.521,0.574,71.1,68.2,12.5,12.2,2.3,4.5,1956,2690,145,0.489,190,73.7,29.5,17.7,38.2,79.9,87.1,145,0.548,69.6,12.4,3.3,2311,16
147,Pakistan,0.726,0.436,0.601,67.2,65.3,7,8.5,3.1,6.2,1450,8100,147,0.536,170,27.3,19.7,19.3,46.1,24.6,82.9,147,0.538,66.2,7.8,4.7,4866,-14
148,Myanmar,,,,68,63.9,,,4.3,3.8,3873,5386,148,0.413,200,12.1,4.7,22.9,15.3,75.2,82.3,148,0.536,65.9,8.6,4.1,4608,-12
149,Angola,,,,53.8,50.8,8.7,14,,,5497,8169,149,,460,170.2,36.8,,,63.3,76.9,149,0.532,52.3,11.4,4.7,6822,-30
150,Swaziland,0.879,0.494,0.561,48.2,49.6,10.9,11.8,7.4,6.8,3894,7235,150,0.557,310,72,14.7,21.9,26,43.9,71.6,150,0.531,49,11.3,7.1,5542,-25
151,Tanzania (United Republic of),0.938,0.504,0.538,66.4,63.5,9,9.3,4.5,5.8,2320,2502,151,0.547,410,122.7,36,5.6,9.5,88.1,90.2,151,0.521,65,9.2,5.1,2411,8
152,Nigeria,0.841,0.468,0.556,53.1,52.4,8.2,9.8,4.9,7.1,4052,6585,152,,560,119.6,6.6,,,48.2,63.7,152,0.514,52.8,9,5.9,5341,-24
153,Cameroon,0.879,0.478,0.544,56.7,54.4,9.5,11.2,5.3,6.7,2266,3341,153,0.587,590,115.8,27.1,21.3,34.9,63.8,76.8,153,0.512,55.5,10.4,6,2803,-1
154,Madagascar,0.945,0.497,0.526,66.6,63.6,10.2,10.5,6.6,6.1,1098,1560,154,,440,122.8,20.5,,,86.6,90.5,154,0.51,65.1,10.3,6,1328,24
155,Zimbabwe,0.922,0.487,0.529,58.9,56.2,10.7,11,6.7,7.7,1387,1850,155,0.504,470,60.3,35.1,48.7,62,83.2,89.7,155,0.509,57.5,10.9,7.3,1615,13
156,Mauritania,0.816,0.446,0.546,64.5,61.6,8.5,8.5,2.7,4.8,1625,5468,156,0.61,320,73.3,22.2,8.3,20.9,28.7,79.1,156,0.506,63.1,8.5,3.8,3560,-14
156,Solomon Islands,,,,69.4,66.5,8.8,9.7,,,1046,2019,156,,130,64.9,2,,,53.4,79,156,0.506,67.9,9.2,5,1540,16
158,Papua New Guinea,,,,64.8,60.5,,,3.2,4.8,2145,2768,158,0.611,220,62.1,2.7,7.6,14.5,70.5,74,158,0.505,62.6,9.9,4,2463,-1
159,Comoros,0.813,0.443,0.545,65,61.6,11,11.9,3.7,5.6,778,2123,159,,350,51.1,3,,,35.2,80.1,159,0.503,63.3,11.5,4.6,1456,16
160,Yemen,0.739,0.414,0.56,65.2,62.5,7.7,10.6,1.3,3.8,1595,5412,160,0.744,270,47,0.7,8.6,26.7,25.4,72.2,160,0.498,63.8,9.2,2.6,3519,-17
161,Lesotho,0.953,0.482,0.505,49.8,49.6,11.7,10.6,6.5,5.2,2613,4017,161,0.541,490,89.4,26.8,21.9,19,59,73.5,161,0.497,49.8,11.1,5.9,3306,-16
162,Togo,0.831,0.439,0.527,60.4,58.9,10.9,13.4,3,6.3,1084,1376,162,0.588,450,91.5,17.6,16.1,40.3,80.6,81.3,162,0.484,59.7,12.2,4.5,1228,17
163,Haiti,,,,64.9,60.7,,,4.2,5.6,1379,1966,163,0.603,380,42,3.5,22.4,35.2,60.9,71,163,0.483,62.8,8.7,4.9,1669,4
163,Rwanda,0.957,0.472,0.493,67,61.1,10.4,10.2,3.2,4.3,1312,1612,163,0.4,320,33.6,57.5,8,8.8,86.4,85.3,163,0.483,64.2,10.3,3.7,1458,11
163,Uganda,0.886,0.452,0.51,60.3,56.7,9.7,9.9,4.5,6.3,1226,1997,163,0.538,360,126.6,35,22.9,33.5,75.8,79.2,163,0.483,58.5,9.8,5.4,1613,6
166,Benin,0.823,0.431,0.524,61,58.1,9.4,12.7,2.1,4.6,1493,2043,166,0.614,340,90.2,8.4,11.3,27,67.6,78.3,166,0.48,59.6,11.1,3.3,1767,0
167,Sudan,0.83,0.428,0.516,65,62,6.7,7.3,2.5,3.8,1882,5722,167,0.591,360,84,23.8,12.1,18.2,31.3,76,167,0.479,63.5,7,3.1,3809,-27
168,Djibouti,,,,63.7,60.4,5.9,6.9,,,2019,4522,168,,230,18.6,12.7,,,36.3,67.7,168,0.47,62,6.4,3.8,3276,-22
169,South Sudan,,,,56.7,54.7,,,4.5,5.8,,,169,,730,75.3,24.3,,,,,169,0.467,55.7,7.6,5.4,2332,-9
170,Senegal,0.883,0.436,0.494,68.3,64.5,7.8,8.1,1.8,3.2,1657,2739,170,0.528,320,94.4,42.7,7.2,15.4,66,88,170,0.466,66.5,7.9,2.5,2188,-8
171,Afghanistan,0.6,0.328,0.546,61.6,59.2,7.2,11.3,1.2,5.1,506,3227,171,0.693,400,86.8,27.6,5.9,29.8,15.8,79.5,171,0.465,60.4,9.3,3.2,1885,-7
172,CÃ´te d'Ivoire,0.81,0.41,0.507,52.4,50.7,7.9,10,3.2,5.3,2146,4157,172,0.679,720,130.3,9.2,14,30.1,52.4,81.4,172,0.462,51.5,8.9,4.3,3171,-24
173,Malawi,0.907,0.423,0.467,63.7,61.7,10.8,10.7,3.4,5.2,679,815,173,0.611,510,144.8,16.7,11.1,21.6,84.6,81.5,173,0.445,62.8,10.8,4.3,747,13
174,Ethiopia,0.84,0.403,0.479,66,62.2,8,9,1.4,3.6,1090,1765,174,0.558,420,78.4,25.5,7.8,18.2,78.2,89.3,174,0.442,64.1,8.5,2.4,1428,2
175,Gambia,0.889,0.414,0.466,61.6,58.9,8.7,8.9,2,3.7,1267,1753,175,0.622,430,115.8,9.4,17.4,31.5,72.2,82.9,175,0.441,60.2,8.8,2.8,1507,-2
176,Congo (Democratic Republic of the),0.833,0.393,0.472,60.1,57.2,8.6,10.8,4.5,7.7,597,765,176,0.673,730,135.3,8.2,12.8,32.4,70.7,73.2,176,0.433,58.7,9.8,6,680,11
177,Liberia,0.789,0.387,0.491,61.8,59.9,8.9,12.4,2.6,5.8,678,930,177,0.651,640,117.4,10.7,15.4,39.3,58.2,64.8,177,0.43,60.9,9.5,4.1,805,7
178,Guinea-Bissau,,,,57,53.4,,,,,1135,1593,178,,560,99.3,13.7,,,68.2,78.5,178,0.42,55.2,9,2.8,1362,-1
179,Mali,0.776,0.363,0.468,57.8,58.2,7.5,9.3,1.5,2.7,961,2195,179,0.677,550,175.6,9.5,7.7,15.1,50.8,81.4,179,0.419,58,8.4,2,1583,-8
180,Mozambique,0.881,0.39,0.443,56.5,53.6,8.8,9.8,2.4,4.3,1040,1210,180,0.591,480,137.8,39.6,1.4,6.2,85.5,82.8,180,0.416,55.1,9.3,3.2,1123,1
181,Sierra Leone,0.814,0.37,0.454,51.4,50.4,7.2,10,2.2,4,1582,1981,181,0.65,1100,100.7,12.4,10,21.7,65.7,69,181,0.413,50.9,8.6,3.1,1780,-16
182,Guinea,0.778,0.358,0.46,59.2,58.3,7.3,10,1.4,3.7,877,1314,182,,650,131,21.9,,,65.6,78.3,182,0.411,58.8,8.7,2.4,1096,0
183,Burkina Faso,0.881,0.376,0.427,59.9,57.3,7.4,8.1,1,1.9,1325,1859,183,0.631,400,115.4,13.3,0.9,3.2,77.1,90,183,0.402,58.7,7.8,1.4,1591,-13
184,Burundi,0.911,0.381,0.418,58.7,54.8,9.6,10.7,2.2,3.1,693,825,184,0.492,740,30.3,34.9,5.3,8.3,83.3,82,184,0.4,56.7,10.1,2.7,758,1
185,Chad,0.768,0.338,0.44,52.7,50.5,5.9,8.9,1,2.9,1657,2513,185,0.706,980,152,14.9,1.7,9.9,64,79.2,185,0.392,51.6,7.4,1.9,2085,-22
186,Eritrea,,,,65.9,61.6,,,,,971,1290,186,,380,65.3,22,,,80,89.8,186,0.391,63.7,4.1,3.9,1130,-6
187,Central African Republic,0.773,0.303,0.392,52.6,48.8,5.9,8.6,2.8,5.7,476,689,187,0.655,880,98.3,12.5,10.1,26.7,72.6,85.1,187,0.35,50.7,7.2,4.2,581,1
188,Niger,0.729,0.287,0.394,62.4,60.6,4.8,6.1,0.8,2,491,1319,188,0.713,630,204.8,13.3,2.4,7.8,40,89.7,188,0.348,61.4,5.4,1.5,908,-5
