personid,completedba,satverbal,satmath,gpascience,gpaenglish,gpamath,gpaoverall,gender,motherhighgrade,fatherhighgrade,parentincome
103418,0.0,500.0,430.0,170.0,191.0,213.0,215.0,Male,12.0,12.0,35469.0
103845,1.0,480.0,510.0,265.0,310.0,290.0,314.0,Male,9.0,9.0,70500.0
106646,1.0,670.0,630.0,350.0,400.0,350.0,381.0,Female,10.0,12.0,137750.0
106691,0.0,500.0,610.0,344.0,325.0,325.0,344.0,Female,14.0,16.0,67500.0
108354,0.0,390.0,330.0,290.0,320.0,290.0,316.0,Male,17.0,13.0,145392.0
110014,0.0,460.0,410.0,333.0,366.0,310.0,355.0,Female,13.0,9.0,38300.0
111078,0.0,430.0,540.0,227.0,250.0,367.0,306.0,Female,17.0,18.0,32799.0
111244,1.0,430.0,220.0,282.0,248.0,221.0,285.0,Male,19.0,14.0,116250.0
111728,1.0,470.0,510.0,287.0,349.0,287.0,340.0,Male,12.0,12.0,28020.0
112034,1.0,480.0,430.0,320.0,278.0,319.0,307.0,Female,12.0,12.0,20000.0
113958,1.0,530.0,420.0,178.0,238.0,206.0,237.0,Male,14.0,18.0,76040.0
114307,1.0,440.0,550.0,347.0,400.0,350.0,360.0,Female,17.0,17.0,150200.0
115422,0.0,400.0,390.0,280.0,269.0,200.0,271.0,Female,13.0,12.0,90000.0
116585,0.0,390.0,430.0,293.0,300.0,320.0,320.0,Female,13.0,10.0,8345.0
117690,1.0,550.0,530.0,311.0,320.0,326.0,354.0,Female,13.0,15.0,45800.0
118231,0.0,640.0,470.0,290.0,334.0,290.0,343.0,Male,12.0,14.0,54112.0
118741,1.0,750.0,660.0,388.0,400.0,400.0,398.0,Female,17.0,20.0,246474.0
118859,0.0,620.0,580.0,375.0,400.0,400.0,383.0,Male,12.0,14.0,13500.0
119784,1.0,710.0,710.0,400.0,406.0,419.0,405.0,Female,17.0,18.0,52800.0
121015,1.0,600.0,680.0,367.0,361.0,330.0,354.0,Female,16.0,18.0,123700.0
122241,1.0,530.0,580.0,325.0,360.0,325.0,365.0,Female,16.0,16.0,105000.0
124467,1.0,460.0,450.0,290.0,240.0,250.0,264.0,Male,12.0,10.0,41983.0
125732,0.0,550.0,520.0,300.0,248.0,245.0,265.0,Male,14.0,16.0,60000.0
126597,0.0,260.0,430.0,260.0,322.0,325.0,336.0,Male,14.0,12.0,36000.0
128324,0.0,620.0,560.0,280.0,332.0,320.0,304.0,Female,12.0,12.0,37750.0
129366,0.0,420.0,500.0,208.0,268.0,293.0,284.0,Male,16.0,16.0,246474.0
131689,1.0,350.0,470.0,257.0,280.0,255.0,291.0,Male,14.0,16.0,27700.0
132778,1.0,510.0,470.0,315.0,284.0,290.0,296.0,Female,11.0,14.0,37500.0
134834,0.0,500.0,540.0,300.0,227.0,292.0,310.0,Male,14.0,14.0,70000.0
137323,1.0,670.0,460.0,300.0,300.0,295.0,318.0,Female,19.0,16.0,28180.0
138257,0.0,430.0,370.0,157.0,267.0,155.0,206.0,Male,15.0,14.0,56800.0
138572,1.0,490.0,520.0,345.0,356.0,333.0,359.0,Female,18.0,16.0,84130.0
141769,1.0,610.0,570.0,277.0,361.0,280.0,332.0,Female,15.0,14.0,10000.0
142470,1.0,530.0,480.0,297.0,276.0,93.0,246.0,Male,15.0,20.0,103000.0
142583,0.0,380.0,370.0,190.0,180.0,163.0,226.0,Female,16.0,16.0,65000.0
143456,1.0,550.0,630.0,300.0,290.0,295.0,301.0,Male,16.0,18.0,130000.0
144443,0.0,410.0,480.0,356.0,227.0,270.0,303.0,Male,12.0,16.0,25000.0
145439,0.0,620.0,680.0,350.0,356.0,386.0,369.0,Female,13.0,13.0,97400.0
145950,1.0,590.0,590.0,380.0,380.0,359.0,390.0,Female,12.0,14.0,79300.0
146249,0.0,550.0,530.0,298.0,375.0,375.0,359.0,Female,14.0,16.0,54800.0
150628,0.0,430.0,550.0,310.0,267.0,326.0,294.0,Female,12.0,12.0,50025.0
151367,1.0,620.0,690.0,400.0,375.0,400.0,389.0,Male,18.0,20.0,98953.0
152869,1.0,600.0,600.0,390.0,366.0,363.0,378.0,Male,16.0,16.0,78500.0
154198,1.0,550.0,550.0,350.0,325.0,283.0,343.0,Female,14.0,12.0,89900.0
156481,0.0,460.0,410.0,235.0,313.0,292.0,285.0,Female,13.0,12.0,34000.0
156708,0.0,260.0,320.0,160.0,145.0,177.0,201.0,Male,12.0,14.0,74750.0
157284,1.0,570.0,540.0,260.0,240.0,303.0,287.0,Male,12.0,18.0,60300.0
158544,1.0,670.0,630.0,400.0,392.0,338.0,383.0,Female,16.0,16.0,67202.0
162597,1.0,390.0,470.0,368.0,363.0,383.0,360.0,Female,16.0,15.0,63000.0
162708,1.0,640.0,740.0,333.0,325.0,375.0,354.0,Female,12.0,16.0,246474.0
166595,1.0,480.0,570.0,408.0,400.0,397.0,383.0,Female,16.0,16.0,69125.0
168160,1.0,660.0,520.0,319.0,330.0,258.0,297.0,Female,16.0,16.0,105000.0
168206,1.0,620.0,600.0,371.0,350.0,320.0,357.0,Female,15.0,18.0,70100.0
168895,0.0,630.0,550.0,412.0,407.0,404.0,363.0,Female,16.0,16.0,57200.0
169218,1.0,580.0,680.0,323.0,318.0,290.0,350.0,Male,14.0,13.0,53400.0
171606,0.0,410.0,410.0,240.0,288.0,283.0,282.0,Male,12.0,12.0,90000.0
173092,1.0,600.0,620.0,300.0,375.0,367.0,331.0,Male,13.0,12.0,93000.0
174352,0.0,540.0,470.0,257.0,327.0,223.0,308.0,Female,12.0,15.0,38759.0
175442,1.0,640.0,590.0,350.0,360.0,347.0,379.0,Male,17.0,17.0,17500.0
175956,1.0,510.0,560.0,389.0,400.0,380.0,389.0,Female,17.0,13.0,145392.0
176094,1.0,620.0,550.0,282.0,247.0,190.0,221.0,Male,16.0,16.0,45245.0
177232,1.0,620.0,640.0,400.0,378.0,333.0,376.0,Female,18.0,16.0,97000.0
177752,1.0,580.0,660.0,325.0,300.0,340.0,344.0,Male,16.0,16.0,42047.0
177767,1.0,380.0,370.0,293.0,363.0,335.0,341.0,Female,11.0,12.0,13950.0
177845,0.0,370.0,230.0,330.0,333.0,263.0,309.0,Female,14.0,16.0,8085.0
177987,1.0,650.0,630.0,323.0,278.0,310.0,292.0,Male,20.0,20.0,84000.0
178083,1.0,460.0,410.0,367.0,333.0,358.0,360.0,Female,13.0,12.0,62400.0
178332,0.0,340.0,360.0,273.0,167.0,276.0,260.0,Female,13.0,12.0,51210.0
178341,1.0,580.0,480.0,367.0,350.0,375.0,382.0,Female,14.0,16.0,94500.0
178391,1.0,550.0,650.0,400.0,400.0,400.0,397.0,Female,12.0,12.0,12450.0
179737,1.0,450.0,490.0,330.0,338.0,316.0,340.0,Female,14.0,14.0,42600.0
180016,1.0,600.0,680.0,375.0,313.0,354.0,361.0,Male,17.0,18.0,52800.0
181850,1.0,610.0,480.0,327.0,316.0,251.0,305.0,Female,14.0,14.0,52000.0
182111,0.0,450.0,420.0,287.0,315.0,293.0,284.0,Female,16.0,11.0,63500.0
184508,1.0,560.0,610.0,393.0,385.0,313.0,371.0,Male,12.0,16.0,30100.0
184521,0.0,350.0,250.0,295.0,345.0,312.0,326.0,Female,12.0,12.0,80250.0
185424,1.0,380.0,400.0,223.0,243.0,247.0,274.0,Female,12.0,12.0,120000.0
185538,1.0,640.0,590.0,266.0,293.0,300.0,287.0,Male,16.0,18.0,246474.0
187991,1.0,450.0,460.0,227.0,320.0,243.0,288.0,Female,14.0,13.0,49000.0
188385,1.0,620.0,590.0,380.0,380.0,355.0,379.0,Female,16.0,18.0,101118.0
188817,1.0,560.0,510.0,300.0,300.0,327.0,335.0,Female,15.0,14.0,36000.0
190196,1.0,420.0,330.0,314.0,369.0,312.0,336.0,Female,11.0,8.0,6000.0
192338,1.0,500.0,550.0,325.0,325.0,336.0,337.0,Female,14.0,18.0,78700.0
192441,0.0,540.0,620.0,300.0,265.0,310.0,309.0,Male,14.0,16.0,58129.0
192471,1.0,550.0,520.0,327.0,400.0,295.0,355.0,Male,12.0,12.0,61000.0
192626,1.0,360.0,400.0,287.0,290.0,312.0,298.0,Male,10.0,10.0,17500.0
194364,1.0,600.0,470.0,343.0,350.0,257.0,344.0,Female,12.0,14.0,15000.0
196121,1.0,560.0,490.0,202.0,260.0,183.0,222.0,Male,9.0,12.0,35275.0
196956,1.0,560.0,580.0,329.0,295.0,320.0,294.0,Female,12.0,14.0,93000.0
197406,0.0,360.0,230.0,363.0,338.0,320.0,338.0,Female,3.0,4.0,46000.0
198227,1.0,450.0,430.0,290.0,290.0,273.0,304.0,Female,6.0,12.0,58000.0
198372,1.0,230.0,360.0,329.0,349.0,322.0,354.0,Male,16.0,16.0,86000.0
198797,0.0,460.0,510.0,300.0,305.0,288.0,327.0,Female,10.0,12.0,48000.0
199237,1.0,700.0,700.0,375.0,375.0,400.0,391.0,Male,20.0,20.0,130000.0
199472,1.0,570.0,570.0,375.0,383.0,375.0,385.0,Female,14.0,18.0,90250.0
201129,1.0,760.0,660.0,400.0,400.0,380.0,373.0,Female,14.0,14.0,50500.0
201213,1.0,280.0,360.0,323.0,295.0,293.0,325.0,Female,11.0,3.0,9179.0
201332,0.0,360.0,540.0,280.0,273.0,255.0,272.0,Female,12.0,12.0,54800.0
201375,1.0,660.0,640.0,357.0,388.0,325.0,378.0,Male,17.0,20.0,246474.0
202472,1.0,490.0,500.0,300.0,351.0,338.0,354.0,Female,12.0,12.0,45000.0
203038,1.0,460.0,470.0,367.0,295.0,310.0,340.0,Female,12.0,16.0,98000.0
203461,0.0,540.0,470.0,337.0,324.0,248.0,320.0,Female,12.0,12.0,40000.0
207170,0.0,310.0,410.0,280.0,309.0,290.0,318.0,Male,12.0,13.0,28020.0
208838,0.0,530.0,520.0,333.0,383.0,330.0,341.0,Female,10.0,10.0,35038.0
208845,1.0,490.0,510.0,263.0,266.0,280.0,290.0,Female,16.0,16.0,82000.0
210035,0.0,280.0,350.0,280.0,284.0,285.0,297.0,Male,12.0,14.0,75000.0
210148,0.0,400.0,510.0,143.0,145.0,165.0,222.0,Male,12.0,13.0,68400.0
210342,0.0,400.0,320.0,358.0,338.0,320.0,356.0,Female,12.0,12.0,29302.0
211898,0.0,380.0,450.0,207.0,295.0,167.0,282.0,Female,16.0,16.0,50000.0
212448,1.0,530.0,620.0,373.0,355.0,244.0,334.0,Male,14.0,14.0,78700.0
214403,1.0,580.0,710.0,375.0,354.0,381.0,375.0,Male,20.0,20.0,124000.0
214459,0.0,680.0,560.0,380.0,400.0,375.0,392.0,Female,15.0,20.0,52000.0
215351,1.0,430.0,520.0,325.0,363.0,363.0,365.0,Female,14.0,18.0,51800.0
215388,0.0,480.0,520.0,400.0,329.0,300.0,318.0,Female,12.0,12.0,78100.0
217134,1.0,390.0,370.0,272.0,359.0,221.0,313.0,Female,14.0,17.0,133120.0
217284,0.0,540.0,500.0,325.0,377.0,375.0,367.0,Female,12.0,12.0,52000.0
217823,1.0,560.0,670.0,388.0,375.0,400.0,392.0,Male,16.0,18.0,49650.0
217846,0.0,600.0,520.0,275.0,289.0,313.0,267.0,Male,12.0,12.0,12450.0
219342,0.0,420.0,410.0,360.0,315.0,290.0,321.0,Female,16.0,16.0,80500.0
219460,0.0,360.0,380.0,280.0,195.0,287.0,256.0,Male,12.0,12.0,53000.0
220007,1.0,610.0,600.0,338.0,356.0,310.0,366.0,Female,11.0,12.0,101500.0
222207,1.0,700.0,690.0,310.0,324.0,300.0,329.0,Female,16.0,20.0,94100.0
222439,1.0,420.0,500.0,295.0,298.0,289.0,294.0,Male,16.0,18.0,246474.0
222717,0.0,460.0,370.0,260.0,285.0,285.0,308.0,Male,12.0,12.0,36300.0
223768,0.0,440.0,510.0,238.0,278.0,183.0,289.0,Female,14.0,14.0,4500.0
225929,0.0,450.0,460.0,220.0,206.0,300.0,278.0,Female,10.0,11.0,14500.0
228290,1.0,530.0,520.0,300.0,293.0,295.0,308.0,Male,15.0,12.0,93000.0
230827,1.0,530.0,510.0,345.0,367.0,280.0,373.0,Female,18.0,13.0,135000.0
232754,0.0,500.0,500.0,270.0,301.0,285.0,282.0,Male,12.0,16.0,20000.0
233648,0.0,430.0,440.0,327.0,357.0,355.0,346.0,Female,12.0,8.0,17900.0
233790,1.0,450.0,500.0,287.0,281.0,285.0,272.0,Male,12.0,12.0,51063.0
235533,1.0,510.0,670.0,333.0,358.0,335.0,353.0,Male,16.0,18.0,246474.0
237544,0.0,420.0,560.0,220.0,227.0,290.0,262.0,Male,12.0,12.0,28000.0
239875,1.0,450.0,450.0,320.0,283.0,198.0,328.0,Female,16.0,16.0,246474.0
240404,0.0,600.0,510.0,290.0,310.0,320.0,296.0,Male,12.0,12.0,46750.0
241609,1.0,610.0,720.0,333.0,300.0,325.0,336.0,Male,12.0,16.0,246474.0
242263,1.0,490.0,450.0,235.0,343.0,330.0,300.0,Female,18.0,16.0,43331.0
245096,1.0,550.0,690.0,333.0,375.0,336.0,359.0,Female,12.0,8.0,75500.0
245587,0.0,400.0,370.0,220.0,245.0,280.0,257.0,Male,13.0,12.0,27010.0
246282,1.0,490.0,460.0,292.0,320.0,310.0,351.0,Female,13.0,12.0,40000.0
248411,0.0,570.0,630.0,204.0,250.0,269.0,236.0,Male,14.0,12.0,42200.0
248813,1.0,640.0,560.0,325.0,335.0,287.0,333.0,Male,16.0,15.0,109360.0
249570,0.0,490.0,440.0,287.0,320.0,263.0,315.0,Male,6.0,16.0,88252.0
250666,1.0,620.0,720.0,400.0,400.0,400.0,400.0,Female,16.0,14.0,110500.0
251252,0.0,610.0,660.0,200.0,250.0,270.0,259.0,Male,12.0,12.0,37750.0
251343,1.0,470.0,430.0,310.0,283.0,271.0,320.0,Female,12.0,20.0,30000.0
254683,1.0,450.0,570.0,383.0,388.0,373.0,383.0,Male,16.0,16.0,35880.0
255168,1.0,430.0,490.0,255.0,261.0,236.0,284.0,Male,16.0,16.0,54150.0
255652,1.0,490.0,500.0,300.0,320.0,333.0,351.0,Male,13.0,12.0,36115.0
256533,0.0,420.0,380.0,227.0,223.0,180.0,240.0,Female,12.0,11.0,23000.0
259272,1.0,730.0,660.0,351.0,349.0,325.0,348.0,Male,16.0,16.0,96500.0
262949,1.0,480.0,460.0,220.0,296.0,227.0,278.0,Female,14.0,14.0,35000.0
263323,1.0,480.0,520.0,367.0,338.0,388.0,371.0,Female,16.0,16.0,157500.0
263649,0.0,600.0,380.0,300.0,288.0,274.0,296.0,Male,12.0,12.0,27400.0
266418,0.0,520.0,610.0,293.0,313.0,290.0,287.0,Male,12.0,18.0,70150.0
267125,1.0,500.0,500.0,329.0,325.0,285.0,322.0,Female,14.0,16.0,100000.0
267135,1.0,460.0,400.0,225.0,250.0,223.0,238.0,Female,14.0,15.0,87106.0
267254,0.0,62.0,48.0,257.0,208.0,263.0,256.0,Female,18.0,19.0,65000.0
267756,1.0,520.0,510.0,300.0,350.0,300.0,352.0,Female,14.0,12.0,55000.0
268217,1.0,660.0,740.0,375.0,400.0,375.0,376.0,Male,16.0,13.0,246474.0
269655,0.0,390.0,420.0,280.0,300.0,371.0,351.0,Female,12.0,12.0,20000.0
270102,1.0,590.0,400.0,383.0,400.0,383.0,390.0,Female,14.0,14.0,80500.0
271961,1.0,620.0,610.0,409.0,400.0,390.0,400.0,Male,12.0,12.0,31811.0
272116,1.0,370.0,420.0,297.0,310.0,331.0,343.0,Female,11.0,12.0,30680.0
272591,1.0,540.0,430.0,237.0,340.0,240.0,309.0,Female,16.0,20.0,75500.0
272971,1.0,600.0,470.0,243.0,299.0,218.0,294.0,Female,18.0,20.0,246474.0
273560,1.0,620.0,470.0,319.0,371.0,303.0,325.0,Female,13.0,19.0,43580.0
273678,1.0,630.0,470.0,293.0,323.0,257.0,313.0,Female,12.0,12.0,64300.0
274596,1.0,500.0,590.0,300.0,313.0,350.0,323.0,Male,12.0,13.0,40400.0
274702,1.0,700.0,760.0,350.0,400.0,350.0,383.0,Female,19.0,19.0,47500.0
278334,1.0,500.0,340.0,240.0,312.0,265.0,304.0,Female,16.0,16.0,76200.0
279048,1.0,560.0,710.0,380.0,375.0,397.0,390.0,Male,17.0,18.0,246474.0
279180,0.0,390.0,350.0,270.0,344.0,292.0,326.0,Female,14.0,13.0,80750.0
280130,0.0,430.0,420.0,255.0,283.0,178.0,274.0,Female,15.0,18.0,79000.0
280232,0.0,330.0,380.0,219.0,275.0,228.0,248.0,Male,16.0,8.0,8400.0
280254,0.0,560.0,440.0,290.0,288.0,100.0,201.0,Male,18.0,16.0,159600.0
280738,1.0,640.0,600.0,293.0,318.0,332.0,315.0,Male,14.0,14.0,90200.0
281143,1.0,620.0,730.0,400.0,400.0,400.0,398.0,Female,12.0,12.0,54300.0
282698,1.0,520.0,460.0,287.0,266.0,238.0,255.0,Female,16.0,16.0,106700.0
282777,1.0,390.0,430.0,298.0,331.0,274.0,329.0,Female,14.0,12.0,79800.0
285424,0.0,570.0,530.0,307.0,330.0,250.0,316.0,Female,15.0,18.0,54400.0
287206,0.0,450.0,330.0,115.0,170.0,120.0,157.0,Male,12.0,12.0,38600.0
287305,1.0,600.0,550.0,306.0,306.0,175.0,273.0,Female,16.0,18.0,800.0
290723,1.0,710.0,600.0,347.0,355.0,317.0,370.0,Female,14.0,16.0,50759.0
292848,1.0,450.0,370.0,293.0,295.0,200.0,312.0,Female,18.0,18.0,101300.0
293073,0.0,480.0,630.0,333.0,309.0,400.0,345.0,Male,12.0,12.0,41500.0
295393,0.0,450.0,490.0,284.0,313.0,375.0,319.0,Female,12.0,10.0,110600.0
295684,1.0,590.0,620.0,300.0,325.0,300.0,335.0,Male,12.0,18.0,246474.0
297290,1.0,410.0,380.0,363.0,354.0,307.0,362.0,Female,12.0,16.0,26700.0
299008,1.0,600.0,630.0,325.0,300.0,345.0,332.0,Male,12.0,12.0,91722.0
300955,1.0,430.0,320.0,280.0,323.0,288.0,330.0,Female,16.0,10.0,46000.0
301099,0.0,400.0,400.0,287.0,290.0,320.0,313.0,Male,12.0,14.0,62450.0
301273,1.0,520.0,500.0,227.0,300.0,290.0,287.0,Male,12.0,12.0,49000.0
303322,1.0,570.0,550.0,400.0,383.0,404.0,373.0,Female,12.0,14.0,29200.0
304054,0.0,360.0,440.0,173.0,173.0,313.0,231.0,Male,13.0,14.0,15500.0
304905,0.0,420.0,450.0,287.0,272.0,251.0,256.0,Male,14.0,12.0,93000.0
304985,1.0,580.0,620.0,332.0,290.0,316.0,339.0,Male,18.0,15.0,72000.0
308169,0.0,550.0,490.0,345.0,355.0,297.0,330.0,Male,12.0,14.0,42709.0
308867,0.0,370.0,250.0,295.0,290.0,150.0,310.0,Female,14.0,14.0,21960.0
309563,1.0,560.0,530.0,356.0,375.0,320.0,374.0,Female,13.0,10.0,48200.0
310473,1.0,590.0,640.0,300.0,375.0,320.0,326.0,Male,14.0,18.0,99828.0
313382,1.0,550.0,410.0,287.0,313.0,287.0,329.0,Female,12.0,13.0,58500.0
313777,1.0,480.0,580.0,345.0,350.0,375.0,343.0,Female,14.0,16.0,89000.0
315374,1.0,430.0,470.0,388.0,363.0,400.0,387.0,Female,14.0,12.0,159200.0
316288,0.0,460.0,380.0,257.0,273.0,216.0,268.0,Female,12.0,12.0,104976.0
317723,0.0,400.0,210.0,350.0,290.0,320.0,332.0,Female,12.0,11.0,22000.0
317814,1.0,560.0,440.0,325.0,375.0,312.0,354.0,Female,16.0,15.0,90400.0
321378,1.0,690.0,680.0,400.0,400.0,408.0,399.0,Female,18.0,15.0,81100.0
322597,0.0,450.0,410.0,400.0,285.0,150.0,260.0,Female,16.0,12.0,82500.0
324006,1.0,490.0,460.0,300.0,284.0,289.0,319.0,Female,16.0,16.0,100500.0
324516,1.0,740.0,660.0,340.0,392.0,352.0,362.0,Female,13.0,16.0,44891.0
326101,0.0,400.0,450.0,297.0,298.0,325.0,355.0,Male,12.0,14.0,35260.0
326871,1.0,530.0,600.0,293.0,320.0,280.0,335.0,Female,14.0,15.0,48000.0
328722,0.0,410.0,400.0,330.0,274.0,318.0,317.0,Male,16.0,16.0,85900.0
329815,1.0,720.0,760.0,400.0,400.0,400.0,400.0,Male,12.0,12.0,111100.0
333265,0.0,510.0,640.0,326.0,323.0,343.0,360.0,Male,18.0,20.0,246474.0
333628,1.0,360.0,400.0,245.0,295.0,345.0,320.0,Female,12.0,16.0,35500.0
337372,0.0,590.0,530.0,328.0,317.0,359.0,338.0,Male,13.0,17.0,57200.0
337438,0.0,270.0,200.0,224.0,252.0,100.0,212.0,Female,12.0,10.0,21.0
338531,0.0,590.0,470.0,372.0,353.0,283.0,369.0,Female,13.0,13.0,5300.0
338856,1.0,450.0,470.0,315.0,323.0,400.0,367.0,Male,14.0,14.0,57250.0
339664,0.0,350.0,440.0,300.0,333.0,293.0,333.0,Male,13.0,14.0,51015.0
342611,0.0,460.0,500.0,285.0,290.0,280.0,294.0,Male,10.0,11.0,14500.0
343125,0.0,460.0,470.0,280.0,315.0,295.0,321.0,Male,14.0,14.0,54000.0
343671,0.0,650.0,610.0,293.0,319.0,227.0,319.0,Female,15.0,13.0,43000.0
345350,1.0,710.0,630.0,350.0,274.0,384.0,348.0,Male,18.0,16.0,122950.0
346322,1.0,630.0,720.0,338.0,343.0,373.0,336.0,Male,16.0,18.0,70000.0
348230,1.0,470.0,500.0,280.0,285.0,315.0,300.0,Female,12.0,12.0,76500.0
348366,1.0,690.0,540.0,300.0,339.0,264.0,335.0,Female,16.0,19.0,246474.0
350948,0.0,430.0,320.0,327.0,216.0,240.0,246.0,Male,12.0,14.0,123000.0
351165,1.0,720.0,610.0,300.0,350.0,350.0,348.0,Male,12.0,12.0,47500.0
352248,0.0,560.0,330.0,185.0,246.0,168.0,203.0,Male,13.0,12.0,58000.0
352362,0.0,460.0,430.0,350.0,350.0,160.0,317.0,Female,11.0,12.0,33200.0
352798,1.0,600.0,480.0,340.0,367.0,360.0,364.0,Female,17.0,18.0,25057.0
353562,1.0,650.0,440.0,233.0,224.0,243.0,239.0,Female,13.0,19.0,43580.0
356007,1.0,360.0,380.0,310.0,240.0,278.0,306.0,Female,12.0,12.0,68620.0
357434,1.0,640.0,440.0,350.0,388.0,338.0,372.0,Male,13.0,16.0,68000.0
357668,1.0,470.0,490.0,327.0,350.0,320.0,362.0,Female,18.0,14.0,111000.0
359102,0.0,520.0,410.0,186.0,322.0,162.0,254.0,Female,17.0,17.0,84750.0
359253,0.0,210.0,320.0,227.0,195.0,160.0,227.0,Male,12.0,11.0,55000.0
359349,0.0,460.0,310.0,295.0,285.0,280.0,281.0,Male,12.0,12.0,45000.0
359831,0.0,370.0,410.0,320.0,317.0,296.0,311.0,Female,11.0,8.0,50000.0
360824,1.0,490.0,520.0,290.0,360.0,300.0,343.0,Female,16.0,18.0,93000.0
362407,0.0,540.0,440.0,325.0,371.0,293.0,341.0,Female,16.0,18.0,104500.0
362753,0.0,380.0,370.0,294.0,310.0,285.0,324.0,Male,12.0,12.0,67500.0
363497,1.0,480.0,490.0,197.0,254.0,189.0,235.0,Female,16.0,13.0,59500.0
364160,1.0,600.0,600.0,330.0,418.0,383.0,349.0,Female,16.0,16.0,105000.0
364341,1.0,510.0,580.0,338.0,304.0,316.0,337.0,Male,12.0,12.0,120000.0
365215,1.0,410.0,440.0,325.0,346.0,350.0,325.0,Female,10.0,15.0,4500.0
365717,0.0,470.0,500.0,293.0,267.0,285.0,308.0,Female,20.0,15.0,66200.0
365938,0.0,490.0,510.0,375.0,400.0,295.0,374.0,Male,14.0,12.0,132000.0
366964,1.0,480.0,320.0,330.0,368.0,230.0,344.0,Female,17.0,16.0,137750.0
368725,0.0,340.0,410.0,263.0,285.0,318.0,313.0,Female,12.0,16.0,37400.0
371332,1.0,750.0,620.0,372.0,329.0,303.0,353.0,Female,16.0,14.0,64100.0
372940,0.0,330.0,470.0,293.0,235.0,317.0,266.0,Male,16.0,12.0,78042.0
373420,0.0,630.0,600.0,350.0,367.0,287.0,357.0,Male,8.0,11.0,105000.0
374003,1.0,570.0,620.0,300.0,312.0,290.0,329.0,Female,18.0,20.0,73000.0
374387,1.0,500.0,550.0,371.0,360.0,305.0,369.0,Male,17.0,14.0,84100.0
374764,0.0,490.0,420.0,295.0,296.0,283.0,263.0,Male,11.0,12.0,58000.0
375614,1.0,510.0,380.0,287.0,245.0,150.0,261.0,Female,9.0,12.0,40000.0
375748,1.0,670.0,710.0,400.0,388.0,338.0,370.0,Female,18.0,20.0,111750.0
376205,1.0,580.0,550.0,301.0,306.0,340.0,335.0,Male,20.0,16.0,130800.0
377748,1.0,560.0,720.0,400.0,378.0,400.0,395.0,Male,18.0,18.0,121250.0
379604,0.0,560.0,590.0,256.0,322.0,328.0,300.0,Male,15.0,17.0,44300.0
381233,1.0,450.0,550.0,166.0,235.0,243.0,269.0,Male,13.0,14.0,96633.0
381441,0.0,590.0,480.0,216.0,213.0,163.0,225.0,Male,15.0,15.0,40750.0
381994,0.0,440.0,430.0,333.0,290.0,315.0,317.0,Female,14.0,16.0,6325.0
382538,0.0,490.0,450.0,336.0,323.0,231.0,301.0,Female,12.0,12.0,55500.0
383241,1.0,410.0,360.0,290.0,280.0,188.0,266.0,Female,12.0,12.0,69420.0
384964,1.0,680.0,690.0,360.0,333.0,328.0,335.0,Male,12.0,18.0,83400.0
385392,1.0,480.0,470.0,383.0,389.0,373.0,374.0,Female,16.0,16.0,150000.0
385899,1.0,510.0,500.0,297.0,367.0,329.0,344.0,Female,12.0,12.0,76500.0
386405,1.0,540.0,520.0,300.0,296.0,324.0,322.0,Male,16.0,16.0,138000.0
387837,1.0,660.0,690.0,378.0,376.0,385.0,377.0,Female,16.0,16.0,65096.0
388565,1.0,770.0,670.0,333.0,380.0,367.0,377.0,Female,18.0,20.0,54750.0
391141,0.0,330.0,340.0,284.0,290.0,287.0,314.0,Male,16.0,16.0,45000.0
391369,0.0,630.0,440.0,350.0,310.0,325.0,337.0,Male,14.0,12.0,22900.0
391681,1.0,660.0,750.0,400.0,400.0,400.0,400.0,Female,13.0,12.0,28000.0
391872,1.0,300.0,400.0,285.0,285.0,240.0,283.0,Female,17.0,14.0,85000.0
392684,1.0,460.0,490.0,313.0,320.0,320.0,347.0,Female,17.0,14.0,56759.0
394176,1.0,560.0,690.0,333.0,373.0,333.0,369.0,Male,16.0,18.0,246474.0
394722,0.0,490.0,430.0,260.0,283.0,276.0,281.0,Male,12.0,9.0,40000.0
396788,1.0,590.0,630.0,375.0,350.0,400.0,378.0,Female,16.0,16.0,70550.0
397490,1.0,390.0,430.0,268.0,326.0,263.0,295.0,Female,12.0,13.0,26000.0
399109,0.0,38.0,36.0,323.0,162.0,290.0,272.0,Female,12.0,13.0,46000.0
399317,0.0,410.0,480.0,367.0,340.0,350.0,368.0,Female,12.0,14.0,80900.0
399408,1.0,470.0,480.0,350.0,344.0,325.0,363.0,Female,14.0,18.0,58055.0
400744,0.0,390.0,380.0,197.0,273.0,316.0,266.0,Female,13.0,10.0,29000.0
401383,0.0,800.0,650.0,400.0,400.0,383.0,362.0,Female,18.0,16.0,246474.0
401804,1.0,500.0,570.0,363.0,400.0,388.0,392.0,Female,14.0,18.0,93000.0
404842,0.0,480.0,460.0,177.0,219.0,135.0,231.0,Male,16.0,16.0,85595.0
405672,0.0,450.0,400.0,296.0,350.0,235.0,330.0,Female,18.0,18.0,41922.0
405825,0.0,410.0,310.0,285.0,284.0,200.0,292.0,Female,15.0,16.0,17500.0
406044,0.0,330.0,390.0,280.0,300.0,250.0,299.0,Female,12.0,12.0,50025.0
406949,0.0,500.0,540.0,266.0,337.0,253.0,329.0,Female,12.0,11.0,54000.0
407171,1.0,480.0,540.0,303.0,300.0,293.0,323.0,Male,12.0,16.0,77000.0
407532,0.0,610.0,540.0,350.0,309.0,311.0,330.0,Male,12.0,13.0,62000.0
410493,1.0,440.0,400.0,300.0,383.0,312.0,354.0,Female,14.0,13.0,44018.0
413549,1.0,410.0,410.0,31.0,165.0,170.0,199.0,Male,12.0,16.0,56200.0
416423,0.0,480.0,430.0,282.0,288.0,251.0,298.0,Female,12.0,9.0,40500.0
416857,1.0,580.0,720.0,395.0,350.0,396.0,396.0,Male,14.0,19.0,246474.0
417014,1.0,600.0,520.0,313.0,355.0,316.0,365.0,Female,19.0,14.0,109500.0
418332,1.0,520.0,570.0,217.0,256.0,287.0,314.0,Female,14.0,12.0,42200.0
418922,1.0,620.0,630.0,297.0,356.0,350.0,348.0,Female,16.0,14.0,110500.0
420179,0.0,410.0,400.0,170.0,277.0,170.0,218.0,Male,12.0,16.0,0.0
420417,0.0,540.0,520.0,333.0,316.0,330.0,345.0,Female,14.0,12.0,57000.0
420824,1.0,280.0,370.0,350.0,380.0,315.0,370.0,Female,12.0,14.0,86750.0
420861,1.0,630.0,480.0,333.0,400.0,295.0,340.0,Female,15.0,16.0,17500.0
424252,1.0,660.0,730.0,400.0,325.0,400.0,379.0,Male,12.0,16.0,50502.0
424951,1.0,600.0,680.0,336.0,376.0,375.0,361.0,Male,16.0,16.0,115157.0
424956,1.0,600.0,510.0,236.0,215.0,328.0,276.0,Male,18.0,18.0,80000.0
426058,1.0,530.0,560.0,327.0,371.0,300.0,360.0,Female,18.0,14.0,103000.0
427154,0.0,500.0,580.0,350.0,329.0,290.0,327.0,Female,13.0,12.0,132096.0
427651,0.0,420.0,380.0,260.0,350.0,350.0,349.0,Female,12.0,14.0,31720.0
432200,1.0,630.0,440.0,271.0,354.0,245.0,333.0,Male,18.0,20.0,246474.0
432218,0.0,580.0,540.0,367.0,292.0,260.0,343.0,Female,12.0,12.0,92500.0
433666,0.0,410.0,560.0,218.0,195.0,258.0,237.0,Male,16.0,14.0,55000.0
434831,1.0,370.0,400.0,220.0,258.0,133.0,243.0,Male,12.0,16.0,98500.0
434873,1.0,540.0,510.0,283.0,308.0,303.0,311.0,Female,12.0,16.0,39040.0
435123,0.0,420.0,440.0,246.0,218.0,159.0,257.0,Female,12.0,12.0,35000.0
435833,1.0,630.0,740.0,293.0,293.0,280.0,325.0,Male,12.0,12.0,59300.0
436132,1.0,680.0,600.0,354.0,350.0,357.0,381.0,Male,16.0,16.0,86000.0
436433,1.0,600.0,470.0,300.0,333.0,308.0,320.0,Female,16.0,13.0,59500.0
436868,1.0,490.0,470.0,320.0,363.0,295.0,358.0,Male,14.0,13.0,61300.0
437259,1.0,500.0,470.0,287.0,248.0,346.0,315.0,Male,15.0,15.0,60000.0
438110,1.0,470.0,510.0,295.0,295.0,290.0,324.0,Male,20.0,17.0,111000.0
438734,1.0,640.0,540.0,300.0,350.0,287.0,349.0,Male,18.0,15.0,141400.0
438889,1.0,470.0,530.0,327.0,265.0,247.0,307.0,Female,13.0,16.0,44891.0
438899,0.0,250.0,300.0,177.0,220.0,220.0,217.0,Female,6.0,17.0,9200.0
438916,0.0,520.0,490.0,160.0,190.0,192.0,249.0,Male,16.0,13.0,49000.0
439819,0.0,500.0,520.0,258.0,341.0,304.0,305.0,Female,11.0,12.0,15000.0
440371,1.0,540.0,540.0,350.0,380.0,325.0,375.0,Female,10.0,20.0,56160.0
440682,1.0,700.0,660.0,371.0,404.0,371.0,393.0,Male,14.0,19.0,127550.0
440874,0.0,500.0,550.0,135.0,243.0,260.0,241.0,Female,15.0,15.0,40750.0
440939,0.0,620.0,710.0,320.0,377.0,375.0,324.0,Female,16.0,16.0,246474.0
441214,0.0,390.0,460.0,152.0,295.0,300.0,266.0,Female,16.0,14.0,17080.0
441290,1.0,520.0,510.0,283.0,383.0,288.0,353.0,Female,16.0,16.0,74250.0
441530,1.0,590.0,690.0,277.0,259.0,278.0,268.0,Male,16.0,12.0,87020.0
441696,1.0,530.0,460.0,327.0,308.0,235.0,339.0,Female,8.0,5.0,29000.0
442115,1.0,390.0,410.0,290.0,320.0,170.0,280.0,Female,12.0,12.0,0.0
442181,0.0,430.0,450.0,218.0,229.0,281.0,274.0,Female,14.0,18.0,246474.0
443153,1.0,500.0,610.0,314.0,375.0,333.0,359.0,Male,18.0,16.0,139500.0
443745,0.0,450.0,530.0,248.0,293.0,290.0,284.0,Male,15.0,12.0,72000.0
444527,0.0,430.0,470.0,183.0,258.0,318.0,264.0,Female,13.0,13.0,17600.0
448244,1.0,540.0,520.0,388.0,378.0,400.0,393.0,Female,16.0,14.0,55500.0
448940,1.0,560.0,520.0,383.0,343.0,337.0,357.0,Female,15.0,14.0,246474.0
449277,0.0,420.0,470.0,313.0,293.0,240.0,311.0,Male,12.0,12.0,42000.0
450789,1.0,500.0,510.0,347.0,328.0,363.0,356.0,Female,16.0,20.0,40000.0
452690,0.0,380.0,450.0,280.0,337.0,298.0,336.0,Female,15.0,12.0,0.0
453537,1.0,500.0,660.0,395.0,397.0,371.0,394.0,Male,14.0,14.0,43200.0
455313,0.0,440.0,370.0,400.0,323.0,327.0,347.0,Female,9.0,16.0,3792.0
455334,0.0,580.0,470.0,320.0,315.0,260.0,322.0,Female,14.0,14.0,26000.0
455523,1.0,420.0,480.0,295.0,325.0,285.0,327.0,Male,12.0,12.0,101000.0
457513,0.0,480.0,600.0,183.0,208.0,298.0,256.0,Male,16.0,16.0,40200.0
461546,1.0,440.0,550.0,313.0,295.0,298.0,325.0,Male,14.0,12.0,17600.0
463815,0.0,430.0,390.0,280.0,110.0,280.0,174.0,Male,13.0,16.0,57380.0
464131,1.0,670.0,720.0,405.0,349.0,407.0,360.0,Male,16.0,16.0,68000.0
467104,1.0,390.0,450.0,290.0,320.0,350.0,262.0,Female,12.0,12.0,29900.0
467764,1.0,530.0,550.0,400.0,356.0,385.0,374.0,Female,13.0,12.0,58300.0
470267,0.0,400.0,470.0,287.0,240.0,227.0,279.0,Female,12.0,14.0,67700.0
471008,0.0,420.0,440.0,276.0,280.0,221.0,275.0,Male,13.0,14.0,64544.0
471628,1.0,430.0,460.0,255.0,278.0,233.0,273.0,Female,15.0,12.0,41280.0
472457,1.0,420.0,490.0,245.0,298.0,227.0,303.0,Male,18.0,16.0,78000.0
473014,1.0,710.0,660.0,356.0,386.0,310.0,378.0,Female,16.0,16.0,31000.0
473586,0.0,360.0,450.0,315.0,295.0,245.0,293.0,Female,14.0,12.0,29600.0
474700,0.0,480.0,430.0,295.0,291.0,220.0,283.0,Female,18.0,12.0,59000.0
475910,0.0,300.0,240.0,290.0,280.0,287.0,290.0,Male,12.0,14.0,75000.0
477503,1.0,410.0,470.0,323.0,338.0,308.0,340.0,Male,12.0,12.0,83130.0
479832,0.0,580.0,490.0,359.0,380.0,321.0,364.0,Female,12.0,7.0,53500.0
480104,1.0,600.0,650.0,388.0,350.0,400.0,381.0,Female,14.0,14.0,67200.0
481387,1.0,650.0,530.0,346.0,378.0,314.0,369.0,Female,13.0,14.0,70120.0
481711,1.0,400.0,400.0,300.0,318.0,290.0,322.0,Female,13.0,13.0,45600.0
481876,0.0,530.0,520.0,277.0,265.0,285.0,308.0,Male,16.0,16.0,120000.0
482033,0.0,610.0,460.0,287.0,270.0,280.0,302.0,Female,18.0,16.0,17180.0
483093,1.0,630.0,580.0,340.0,325.0,325.0,361.0,Female,14.0,18.0,99828.0
483121,0.0,530.0,580.0,313.0,336.0,360.0,341.0,Male,12.0,14.0,30160.0
483271,0.0,270.0,340.0,205.0,240.0,250.0,245.0,Female,13.0,13.0,39000.0
484345,1.0,570.0,590.0,297.0,308.0,323.0,316.0,Male,16.0,10.0,110000.0
484862,1.0,580.0,660.0,333.0,375.0,363.0,365.0,Female,17.0,16.0,246474.0
486055,1.0,490.0,460.0,318.0,278.0,348.0,315.0,Female,12.0,18.0,85500.0
486087,0.0,360.0,410.0,285.0,240.0,190.0,284.0,Female,16.0,12.0,32900.0
486524,0.0,540.0,510.0,190.0,145.0,168.0,191.0,Male,16.0,12.0,46800.0
486555,1.0,490.0,470.0,300.0,295.0,295.0,313.0,Female,15.0,19.0,81500.0
486660,1.0,540.0,610.0,361.0,375.0,351.0,364.0,Female,14.0,14.0,83950.0
486711,1.0,510.0,440.0,277.0,352.0,277.0,334.0,Male,12.0,12.0,48900.0
486789,1.0,470.0,510.0,320.0,268.0,303.0,320.0,Female,16.0,18.0,70000.0
487047,1.0,490.0,580.0,367.0,288.0,355.0,347.0,Female,18.0,20.0,246474.0
487206,1.0,530.0,470.0,190.0,245.0,220.0,175.0,Female,12.0,12.0,75000.0
487716,0.0,590.0,660.0,290.0,290.0,200.0,284.0,Male,16.0,14.0,61200.0
487730,0.0,360.0,410.0,150.0,184.0,253.0,248.0,Male,13.0,16.0,70000.0
489150,0.0,360.0,410.0,240.0,254.0,173.0,261.0,Female,12.0,7.0,53500.0
489434,0.0,520.0,550.0,287.0,310.0,320.0,322.0,Male,10.0,10.0,14400.0
490198,1.0,530.0,380.0,345.0,320.0,313.0,357.0,Male,12.0,8.0,71320.0
490546,0.0,560.0,600.0,283.0,280.0,263.0,276.0,Male,16.0,16.0,246474.0
491480,0.0,440.0,310.0,273.0,263.0,297.0,307.0,Female,13.0,11.0,141750.0
491701,0.0,450.0,540.0,280.0,256.0,315.0,286.0,Male,16.0,20.0,98005.0
493322,1.0,440.0,480.0,324.0,350.0,325.0,342.0,Female,12.0,12.0,41050.0
493604,1.0,680.0,710.0,400.0,400.0,327.0,275.0,Female,16.0,19.0,58300.0
495170,1.0,560.0,460.0,350.0,325.0,295.0,363.0,Female,16.0,18.0,53100.0
496179,1.0,430.0,440.0,307.0,346.0,290.0,337.0,Female,16.0,19.0,69300.0
498921,1.0,600.0,610.0,350.0,358.0,330.0,362.0,Male,18.0,20.0,53500.0
499441,0.0,530.0,650.0,320.0,313.0,257.0,309.0,Male,12.0,12.0,39508.0
500661,0.0,450.0,400.0,250.0,273.0,220.0,266.0,Female,12.0,12.0,40400.0
501909,0.0,420.0,400.0,287.0,388.0,283.0,291.0,Female,12.0,12.0,65000.0
502904,0.0,360.0,330.0,283.0,288.0,285.0,302.0,Female,10.0,12.0,7390.0
504812,1.0,580.0,510.0,300.0,378.0,327.0,371.0,Female,12.0,12.0,64500.0
505121,0.0,570.0,640.0,400.0,389.0,400.0,386.0,Female,10.0,12.0,23475.0
505197,1.0,500.0,400.0,370.0,400.0,370.0,380.0,Female,12.0,13.0,40000.0
506189,0.0,670.0,650.0,350.0,363.0,350.0,379.0,Male,18.0,16.0,139500.0
508349,0.0,550.0,550.0,300.0,290.0,300.0,321.0,Male,12.0,14.0,35750.0
509807,1.0,580.0,650.0,283.0,329.0,360.0,317.0,Male,16.0,14.0,17000.0
511508,1.0,440.0,470.0,287.0,300.0,290.0,284.0,Female,14.0,12.0,65000.0
511920,1.0,470.0,480.0,255.0,326.0,287.0,322.0,Female,16.0,20.0,76400.0
512603,1.0,560.0,560.0,300.0,267.0,360.0,325.0,Male,16.0,14.0,5760.0
514661,1.0,580.0,510.0,400.0,400.0,400.0,393.0,Male,18.0,20.0,115500.0
516632,1.0,510.0,490.0,250.0,293.0,264.0,296.0,Male,14.0,12.0,60300.0
516945,0.0,530.0,500.0,391.0,390.0,396.0,402.0,Female,13.0,12.0,64000.0
517285,0.0,430.0,380.0,293.0,311.0,245.0,301.0,Male,14.0,18.0,95600.0
522049,1.0,520.0,620.0,360.0,375.0,350.0,374.0,Female,14.0,13.0,60100.0
522140,1.0,490.0,510.0,383.0,350.0,250.0,345.0,Male,14.0,16.0,63000.0
522168,0.0,540.0,470.0,280.0,227.0,240.0,206.0,Male,14.0,12.0,50500.0
522246,0.0,400.0,520.0,332.0,267.0,245.0,306.0,Male,16.0,18.0,53100.0
524869,1.0,580.0,610.0,383.0,344.0,360.0,380.0,Male,12.0,10.0,42990.0
525005,0.0,580.0,580.0,325.0,400.0,375.0,376.0,Female,12.0,12.0,40000.0
525067,1.0,550.0,630.0,315.0,290.0,316.0,329.0,Male,14.0,13.0,60100.0
525278,1.0,360.0,410.0,300.0,400.0,350.0,373.0,Female,12.0,12.0,18000.0
526598,1.0,480.0,530.0,280.0,280.0,305.0,303.0,Male,16.0,19.0,33000.0
526745,0.0,450.0,360.0,266.0,281.0,209.0,308.0,Female,17.0,16.0,105000.0
527784,1.0,450.0,500.0,320.0,329.0,290.0,340.0,Female,12.0,18.0,111750.0
528255,1.0,600.0,700.0,327.0,388.0,345.0,376.0,Female,13.0,16.0,80000.0
529478,1.0,440.0,420.0,160.0,235.0,220.0,242.0,Female,14.0,12.0,26600.0
530861,1.0,490.0,460.0,367.0,388.0,400.0,382.0,Female,12.0,14.0,28900.0
530921,1.0,730.0,650.0,331.0,400.0,293.0,361.0,Female,16.0,16.0,24000.0
531133,1.0,530.0,530.0,330.0,304.0,327.0,313.0,Female,18.0,19.0,51000.0
531592,0.0,320.0,340.0,300.0,296.0,283.0,327.0,Female,13.0,15.0,29000.0
531907,1.0,450.0,380.0,284.0,295.0,220.0,312.0,Female,12.0,12.0,101000.0
532005,0.0,450.0,510.0,284.0,276.0,320.0,333.0,Male,13.0,13.0,97400.0
532190,1.0,790.0,710.0,261.0,373.0,310.0,347.0,Male,16.0,18.0,128750.0
533358,0.0,500.0,600.0,292.0,318.0,357.0,331.0,Female,13.0,12.0,49500.0
535436,1.0,580.0,590.0,374.0,383.0,391.0,384.0,Female,16.0,16.0,75000.0
538023,1.0,660.0,700.0,375.0,378.0,363.0,379.0,Male,18.0,20.0,100300.0
538451,1.0,390.0,370.0,227.0,315.0,288.0,317.0,Female,13.0,12.0,41270.0
539152,1.0,450.0,490.0,293.0,300.0,310.0,313.0,Male,13.0,15.0,35050.0
539423,0.0,590.0,570.0,320.0,289.0,312.0,324.0,Female,16.0,16.0,41000.0
539902,1.0,650.0,660.0,400.0,400.0,400.0,400.0,Female,12.0,12.0,0.0
541036,1.0,410.0,490.0,367.0,350.0,333.0,356.0,Female,20.0,12.0,123000.0
542516,1.0,600.0,560.0,333.0,368.0,388.0,355.0,Female,10.0,12.0,23475.0
544529,1.0,430.0,430.0,291.0,305.0,190.0,300.0,Male,16.0,16.0,9000.0
545729,1.0,660.0,720.0,400.0,358.0,365.0,367.0,Female,18.0,20.0,246474.0
546013,1.0,450.0,510.0,333.0,356.0,363.0,366.0,Female,16.0,16.0,65700.0
546175,1.0,520.0,400.0,273.0,283.0,253.0,281.0,Male,17.0,14.0,92500.0
547015,0.0,440.0,520.0,307.0,310.0,313.0,335.0,Male,7.0,12.0,18800.0
547083,0.0,430.0,320.0,262.0,300.0,250.0,280.0,Male,16.0,14.0,80705.0
547954,1.0,650.0,570.0,364.0,391.0,306.0,376.0,Female,14.0,18.0,49700.0
548718,1.0,540.0,620.0,373.0,360.0,348.0,360.0,Female,4.0,15.0,35000.0
548816,1.0,730.0,770.0,383.0,408.0,400.0,391.0,Male,16.0,16.0,48000.0
549350,1.0,560.0,560.0,333.0,340.0,375.0,369.0,Female,14.0,16.0,79000.0
552637,1.0,520.0,480.0,190.0,231.0,206.0,233.0,Male,12.0,12.0,35469.0
552778,1.0,530.0,530.0,333.0,350.0,375.0,344.0,Female,12.0,12.0,81300.0
554047,1.0,430.0,580.0,375.0,400.0,375.0,392.0,Female,14.0,16.0,156000.0
554535,1.0,570.0,560.0,298.0,289.0,293.0,312.0,Female,16.0,18.0,90750.0
554937,1.0,450.0,500.0,290.0,250.0,160.0,293.0,Female,12.0,12.0,60140.0
555736,1.0,600.0,440.0,260.0,270.0,325.0,324.0,Female,13.0,12.0,32010.0
556245,1.0,570.0,700.0,400.0,370.0,393.0,402.0,Male,16.0,17.0,41000.0
556256,1.0,570.0,650.0,218.0,278.0,243.0,278.0,Male,16.0,16.0,70000.0
557247,1.0,490.0,450.0,280.0,323.0,280.0,278.0,Female,19.0,18.0,85250.0
557269,0.0,290.0,290.0,292.0,236.0,333.0,266.0,Female,14.0,10.0,17000.0
557676,0.0,460.0,410.0,203.0,203.0,203.0,230.0,Male,14.0,14.0,77900.0
559350,1.0,620.0,610.0,329.0,369.0,310.0,357.0,Female,16.0,16.0,75000.0
559931,1.0,580.0,540.0,310.0,302.0,337.0,309.0,Female,4.0,20.0,53040.0
560114,0.0,720.0,480.0,300.0,224.0,208.0,243.0,Male,12.0,12.0,55500.0
561561,0.0,360.0,460.0,126.0,120.0,235.0,200.0,Male,14.0,16.0,62040.0
563292,0.0,670.0,550.0,297.0,328.0,344.0,338.0,Male,16.0,18.0,155400.0
564668,1.0,550.0,680.0,400.0,388.0,363.0,391.0,Female,16.0,20.0,50300.0
565464,0.0,500.0,500.0,287.0,272.0,145.0,255.0,Male,12.0,12.0,56100.0
565467,0.0,600.0,620.0,367.0,380.0,363.0,384.0,Female,12.0,16.0,6000.0
565924,1.0,600.0,590.0,338.0,373.0,386.0,380.0,Female,18.0,19.0,103500.0
566248,1.0,730.0,660.0,400.0,400.0,400.0,400.0,Male,14.0,12.0,51512.0
567343,1.0,380.0,300.0,287.0,293.0,167.0,280.0,Male,18.0,18.0,101300.0
567421,1.0,510.0,510.0,283.0,396.0,333.0,332.0,Female,16.0,17.0,37609.0
567886,1.0,420.0,430.0,363.0,298.0,323.0,355.0,Female,13.0,12.0,3000.0
571287,1.0,460.0,540.0,297.0,306.0,293.0,318.0,Male,14.0,16.0,57001.0
572677,0.0,430.0,490.0,260.0,260.0,238.0,292.0,Female,16.0,14.0,76750.0
572741,0.0,490.0,480.0,245.0,262.0,129.0,223.0,Male,14.0,14.0,63750.0
572981,1.0,540.0,410.0,358.0,350.0,300.0,306.0,Female,12.0,12.0,99300.0
577187,1.0,630.0,560.0,400.0,400.0,326.0,174.0,Female,15.0,4.0,50791.0
577208,0.0,380.0,350.0,190.0,195.0,190.0,239.0,Female,12.0,12.0,45000.0
577728,1.0,560.0,680.0,288.0,296.0,339.0,320.0,Male,16.0,16.0,30000.0
580363,0.0,410.0,380.0,333.0,358.0,280.0,341.0,Female,12.0,12.0,32000.0
580761,0.0,290.0,360.0,240.0,331.0,378.0,341.0,Male,12.0,12.0,8000.0
584387,1.0,800.0,750.0,395.0,389.0,391.0,395.0,Female,16.0,16.0,96500.0
586649,1.0,560.0,590.0,306.0,310.0,326.0,352.0,Female,10.0,11.0,22000.0
587038,1.0,660.0,540.0,325.0,400.0,295.0,369.0,Female,14.0,14.0,37500.0
590847,0.0,570.0,540.0,230.0,288.0,340.0,296.0,Female,13.0,16.0,67120.0
592782,0.0,370.0,330.0,265.0,242.0,268.0,283.0,Male,8.0,6.0,11000.0
593289,1.0,580.0,490.0,325.0,393.0,298.0,362.0,Female,10.0,12.0,30000.0
594446,1.0,530.0,530.0,303.0,295.0,325.0,317.0,Male,16.0,14.0,93000.0
595362,0.0,640.0,520.0,338.0,378.0,290.0,361.0,Female,15.0,15.0,35000.0
596442,0.0,370.0,270.0,205.0,180.0,110.0,209.0,Male,7.0,11.0,27000.0
599236,1.0,560.0,470.0,286.0,285.0,220.0,288.0,Male,9.0,12.0,45200.0
600376,0.0,320.0,240.0,293.0,296.0,240.0,287.0,Female,12.0,11.0,6001.0
600631,0.0,520.0,490.0,163.0,296.0,243.0,269.0,Female,12.0,19.0,146000.0
602788,0.0,380.0,380.0,270.0,300.0,333.0,330.0,Male,12.0,14.0,35260.0
604368,1.0,630.0,600.0,367.0,375.0,363.0,387.0,Female,20.0,18.0,63750.0
606152,1.0,480.0,500.0,350.0,389.0,363.0,381.0,Female,17.0,14.0,246474.0
607313,1.0,680.0,680.0,356.0,375.0,367.0,383.0,Male,12.0,13.0,58500.0
609167,1.0,620.0,530.0,204.0,170.0,228.0,203.0,Male,14.0,14.0,150000.0
610478,1.0,450.0,410.0,317.0,190.0,220.0,258.0,Female,12.0,13.0,47200.0
612448,0.0,520.0,520.0,312.0,245.0,252.0,298.0,Female,12.0,14.0,99000.0
612599,0.0,640.0,540.0,199.0,190.0,151.0,253.0,Male,17.0,18.0,39604.0
612636,1.0,600.0,570.0,400.0,360.0,363.0,376.0,Female,13.0,16.0,53750.0
613058,1.0,370.0,360.0,253.0,276.0,243.0,284.0,Female,14.0,14.0,66025.0
613200,1.0,660.0,750.0,400.0,400.0,400.0,387.0,Male,16.0,16.0,75100.0
613975,1.0,580.0,760.0,350.0,400.0,311.0,363.0,Female,18.0,20.0,111750.0
615195,1.0,480.0,570.0,330.0,325.0,320.0,347.0,Male,16.0,14.0,126000.0
615343,1.0,580.0,640.0,360.0,350.0,375.0,342.0,Male,12.0,9.0,28100.0
615612,1.0,410.0,400.0,288.0,295.0,220.0,316.0,Female,12.0,12.0,64500.0
617721,1.0,530.0,510.0,250.0,263.0,136.0,276.0,Female,16.0,12.0,61050.0
618248,1.0,490.0,590.0,302.0,291.0,315.0,334.0,Female,12.0,12.0,57000.0
620224,0.0,530.0,420.0,300.0,293.0,232.0,296.0,Female,15.0,12.0,41280.0
620929,1.0,670.0,530.0,290.0,358.0,300.0,362.0,Female,16.0,14.0,47600.0
620957,0.0,360.0,410.0,266.0,275.0,208.0,249.0,Male,12.0,12.0,31750.0
621748,1.0,500.0,410.0,310.0,372.0,398.0,362.0,Female,13.0,12.0,49000.0
621910,0.0,430.0,370.0,360.0,383.0,285.0,351.0,Female,17.0,12.0,69300.0
622616,0.0,460.0,440.0,160.0,242.0,227.0,252.0,Female,12.0,12.0,80000.0
622775,1.0,600.0,570.0,375.0,350.0,326.0,372.0,Female,16.0,16.0,38000.0
623704,1.0,300.0,380.0,293.0,283.0,212.0,295.0,Male,12.0,12.0,12000.0
624496,0.0,480.0,330.0,124.0,255.0,106.0,258.0,Male,16.0,14.0,58000.0
625027,0.0,470.0,440.0,300.0,364.0,285.0,337.0,Male,20.0,15.0,153100.0
625090,0.0,340.0,360.0,180.0,323.0,167.0,269.0,Male,11.0,14.0,45000.0
625239,1.0,580.0,440.0,340.0,295.0,290.0,324.0,Male,14.0,13.0,53000.0
626119,0.0,360.0,350.0,290.0,262.0,290.0,292.0,Male,11.0,12.0,43500.0
627019,1.0,520.0,520.0,385.0,371.0,354.0,371.0,Female,14.0,15.0,80500.0
628068,1.0,340.0,500.0,220.0,285.0,280.0,275.0,Female,12.0,13.0,76716.0
631004,1.0,280.0,290.0,313.0,350.0,305.0,348.0,Female,7.0,16.0,28000.0
631659,0.0,520.0,500.0,157.0,150.0,143.0,192.0,Male,15.0,18.0,31000.0
632086,1.0,510.0,410.0,306.0,325.0,315.0,336.0,Female,18.0,16.0,78000.0
635695,1.0,420.0,480.0,320.0,357.0,253.0,343.0,Female,12.0,14.0,37000.0
636640,0.0,350.0,300.0,315.0,339.0,307.0,338.0,Male,12.0,11.0,8500.0
637871,0.0,630.0,610.0,325.0,384.0,324.0,363.0,Female,13.0,9.0,21700.0
639386,1.0,500.0,620.0,285.0,240.0,236.0,290.0,Male,18.0,16.0,95000.0
639701,1.0,580.0,710.0,410.0,400.0,408.0,411.0,Female,16.0,16.0,55500.0
640592,1.0,410.0,500.0,325.0,338.0,303.0,331.0,Male,16.0,14.0,53000.0
640995,0.0,570.0,490.0,287.0,300.0,300.0,322.0,Female,8.0,15.0,56100.0
641410,1.0,560.0,680.0,400.0,400.0,400.0,397.0,Female,14.0,12.0,25400.0
643057,0.0,430.0,400.0,86.0,270.0,167.0,205.0,Female,16.0,16.0,87000.0
643701,0.0,400.0,470.0,265.0,287.0,108.0,238.0,Male,12.0,12.0,5800.0
644261,1.0,640.0,670.0,390.0,396.0,380.0,394.0,Male,13.0,13.0,5300.0
645101,1.0,360.0,450.0,287.0,245.0,293.0,306.0,Male,12.0,17.0,94375.0
645658,1.0,500.0,550.0,240.0,281.0,249.0,268.0,Male,12.0,16.0,155000.0
645729,1.0,540.0,600.0,320.0,329.0,295.0,345.0,Male,10.0,16.0,21613.0
647795,0.0,500.0,540.0,322.0,302.0,356.0,325.0,Male,12.0,12.0,9116.0
650053,0.0,570.0,390.0,337.0,354.0,315.0,360.0,Female,16.0,12.0,74500.0
651574,1.0,410.0,540.0,273.0,355.0,320.0,360.0,Female,13.0,13.0,62050.0
653890,1.0,470.0,500.0,350.0,330.0,335.0,351.0,Female,14.0,12.0,32000.0
654240,1.0,550.0,690.0,386.0,345.0,382.0,335.0,Male,12.0,18.0,83400.0
655441,0.0,570.0,530.0,367.0,375.0,345.0,357.0,Female,12.0,11.0,8127.0
655715,0.0,500.0,440.0,327.0,350.0,320.0,336.0,Female,13.0,11.0,48500.0
656359,0.0,510.0,590.0,280.0,190.0,235.0,248.0,Male,14.0,14.0,77900.0
659296,0.0,270.0,390.0,227.0,243.0,265.0,292.0,Male,13.0,12.0,38100.0
659669,0.0,480.0,470.0,283.0,283.0,285.0,314.0,Male,14.0,12.0,42000.0
659675,1.0,500.0,560.0,300.0,300.0,300.0,337.0,Male,15.0,12.0,8140.0
659959,1.0,580.0,670.0,400.0,354.0,415.0,341.0,Female,16.0,15.0,161800.0
661215,1.0,570.0,550.0,363.0,330.0,325.0,368.0,Male,16.0,18.0,70000.0
662299,0.0,440.0,520.0,315.0,336.0,300.0,343.0,Female,9.0,12.0,34580.0
663042,1.0,450.0,390.0,320.0,320.0,300.0,302.0,Female,14.0,16.0,100000.0
665689,0.0,600.0,560.0,400.0,379.0,400.0,396.0,Male,16.0,20.0,246474.0
666973,1.0,500.0,540.0,259.0,245.0,268.0,240.0,Female,12.0,13.0,114600.0
667191,0.0,470.0,450.0,303.0,273.0,310.0,327.0,Male,14.0,14.0,67250.0
667848,1.0,360.0,360.0,287.0,320.0,272.0,305.0,Female,13.0,16.0,50500.0
668123,1.0,600.0,470.0,310.0,375.0,297.0,347.0,Female,14.0,14.0,46500.0
668585,1.0,630.0,640.0,329.0,325.0,352.0,342.0,Female,16.0,18.0,70000.0
668621,0.0,610.0,650.0,333.0,325.0,375.0,350.0,Male,14.0,16.0,98200.0
675059,1.0,420.0,650.0,318.0,165.0,363.0,307.0,Male,16.0,14.0,22200.0
681046,1.0,480.0,430.0,293.0,315.0,195.0,316.0,Female,15.0,12.0,48400.0
681232,0.0,410.0,460.0,317.0,324.0,323.0,324.0,Female,18.0,18.0,51500.0
681269,1.0,560.0,720.0,406.0,383.0,415.0,404.0,Male,18.0,18.0,121250.0
681278,1.0,590.0,600.0,335.0,300.0,315.0,319.0,Female,18.0,20.0,246474.0
686884,1.0,540.0,370.0,300.0,371.0,280.0,363.0,Female,16.0,18.0,30000.0
686996,1.0,590.0,560.0,367.0,367.0,375.0,313.0,Female,13.0,13.0,24850.0
688853,0.0,270.0,440.0,227.0,190.0,160.0,245.0,Male,12.0,12.0,23434.0
689708,0.0,540.0,470.0,400.0,320.0,290.0,341.0,Male,13.0,18.0,81000.0
690649,1.0,510.0,530.0,384.0,383.0,361.0,387.0,Female,14.0,14.0,38400.0
693026,0.0,420.0,430.0,333.0,308.0,350.0,353.0,Female,12.0,14.0,159000.0
695184,0.0,420.0,330.0,253.0,228.0,235.0,270.0,Female,11.0,10.0,21000.0
696721,1.0,520.0,580.0,300.0,295.0,295.0,302.0,Male,12.0,12.0,81300.0
696994,0.0,350.0,360.0,190.0,193.0,200.0,213.0,Female,8.0,12.0,37500.0
697502,1.0,460.0,480.0,287.0,311.0,280.0,337.0,Male,12.0,12.0,37356.0
698054,0.0,450.0,380.0,220.0,298.0,203.0,294.0,Female,14.0,12.0,29400.0
698519,0.0,370.0,240.0,293.0,342.0,280.0,314.0,Female,15.0,12.0,50220.0
699599,1.0,540.0,410.0,280.0,320.0,312.0,316.0,Female,16.0,12.0,52425.0
700234,0.0,440.0,370.0,247.0,285.0,220.0,276.0,Female,12.0,16.0,33500.0
700476,1.0,540.0,470.0,323.0,350.0,313.0,346.0,Female,12.0,12.0,22000.0
701138,1.0,350.0,440.0,215.0,306.0,208.0,298.0,Male,12.0,16.0,120000.0
702319,1.0,800.0,720.0,343.0,385.0,343.0,370.0,Male,18.0,20.0,62000.0
703230,1.0,530.0,480.0,320.0,300.0,316.0,349.0,Male,19.0,20.0,123000.0
703940,1.0,690.0,680.0,291.0,151.0,324.0,248.0,Female,15.0,18.0,246474.0
704048,1.0,680.0,560.0,300.0,325.0,400.0,371.0,Female,16.0,16.0,77610.0
704442,1.0,440.0,480.0,160.0,320.0,125.0,258.0,Female,1.0,10.0,15400.0
705029,1.0,440.0,420.0,287.0,290.0,248.0,316.0,Female,18.0,16.0,67182.0
705099,1.0,620.0,530.0,300.0,312.0,295.0,325.0,Male,18.0,18.0,41288.0
706937,0.0,700.0,560.0,356.0,333.0,340.0,361.0,Female,12.0,14.0,72000.0
707009,0.0,400.0,400.0,300.0,345.0,187.0,303.0,Female,12.0,12.0,57000.0
707781,0.0,480.0,390.0,231.0,240.0,245.0,244.0,Female,12.0,16.0,20500.0
708109,1.0,560.0,430.0,327.0,296.0,292.0,348.0,Male,16.0,20.0,53050.0
708130,1.0,430.0,360.0,273.0,304.0,282.0,323.0,Male,14.0,14.0,64000.0
709844,1.0,550.0,420.0,255.0,290.0,237.0,290.0,Female,13.0,17.0,64040.0
710955,0.0,310.0,260.0,160.0,100.0,212.0,213.0,Male,14.0,12.0,42200.0
712607,0.0,470.0,440.0,284.0,294.0,254.0,292.0,Female,12.0,12.0,30000.0
712630,1.0,560.0,540.0,307.0,363.0,255.0,358.0,Female,16.0,12.0,62000.0
713001,0.0,400.0,450.0,290.0,220.0,227.0,255.0,Female,12.0,16.0,102500.0
714723,1.0,560.0,520.0,354.0,383.0,354.0,379.0,Female,18.0,16.0,246474.0
717235,0.0,400.0,450.0,317.0,289.0,287.0,312.0,Male,14.0,18.0,93000.0
717935,1.0,460.0,490.0,280.0,300.0,285.0,308.0,Female,13.0,16.0,75673.0
721008,1.0,780.0,620.0,378.0,318.0,308.0,334.0,Female,14.0,12.0,35000.0
722068,1.0,500.0,520.0,400.0,343.0,375.0,374.0,Male,14.0,14.0,63000.0
725046,1.0,690.0,520.0,350.0,375.0,333.0,340.0,Female,15.0,19.0,52100.0
725753,0.0,540.0,540.0,313.0,331.0,313.0,363.0,Female,12.0,15.0,52100.0
726201,1.0,460.0,440.0,300.0,362.0,350.0,319.0,Female,18.0,11.0,80000.0
727918,1.0,480.0,550.0,345.0,321.0,261.0,333.0,Female,16.0,16.0,54300.0
730373,1.0,520.0,490.0,308.0,333.0,347.0,349.0,Female,12.0,11.0,38565.0
730782,0.0,590.0,680.0,333.0,329.0,320.0,318.0,Male,12.0,16.0,60200.0
731939,0.0,540.0,510.0,280.0,310.0,375.0,332.0,Female,16.0,16.0,90200.0
732792,0.0,500.0,670.0,323.0,276.0,296.0,317.0,Male,16.0,16.0,64700.0
733377,1.0,420.0,320.0,227.0,237.0,220.0,269.0,Female,12.0,12.0,49800.0
735859,1.0,460.0,460.0,345.0,350.0,320.0,357.0,Male,14.0,14.0,60300.0
737296,0.0,370.0,320.0,290.0,177.0,208.0,261.0,Male,11.0,11.0,71100.0
738080,1.0,430.0,380.0,273.0,313.0,193.0,266.0,Female,12.0,12.0,43500.0
739243,0.0,470.0,550.0,228.0,280.0,273.0,287.0,Male,12.0,14.0,55000.0
739668,0.0,440.0,480.0,280.0,284.0,280.0,292.0,Female,15.0,14.0,41000.0
740390,1.0,580.0,510.0,350.0,351.0,293.0,346.0,Female,14.0,12.0,75000.0
740511,1.0,490.0,560.0,300.0,350.0,300.0,296.0,Female,16.0,16.0,51950.0
746539,1.0,480.0,420.0,300.0,367.0,312.0,345.0,Female,14.0,13.0,44018.0
748274,1.0,410.0,42.0,307.0,270.0,250.0,294.0,Male,12.0,16.0,32000.0
749172,1.0,570.0,650.0,350.0,375.0,295.0,317.0,Male,16.0,16.0,72100.0
749298,1.0,490.0,550.0,270.0,342.0,223.0,305.0,Female,14.0,12.0,28400.0
749356,1.0,550.0,600.0,333.0,307.0,345.0,332.0,Male,13.0,13.0,24850.0
751272,1.0,600.0,460.0,340.0,388.0,323.0,382.0,Female,16.0,18.0,61000.0
751833,1.0,570.0,480.0,375.0,325.0,287.0,361.0,Female,12.0,12.0,30000.0
753260,1.0,530.0,580.0,306.0,295.0,318.0,331.0,Male,17.0,19.0,107700.0
754331,1.0,690.0,610.0,313.0,381.0,338.0,363.0,Male,17.0,15.0,52000.0
755560,0.0,530.0,570.0,312.0,333.0,287.0,314.0,Male,14.0,13.0,58050.0
755680,1.0,630.0,500.0,295.0,289.0,287.0,303.0,Female,12.0,12.0,50000.0
755736,1.0,320.0,440.0,317.0,293.0,244.0,286.0,Female,12.0,12.0,56010.0
757407,1.0,710.0,680.0,375.0,400.0,350.0,386.0,Female,20.0,20.0,60000.0
758196,1.0,550.0,620.0,325.0,314.0,292.0,348.0,Male,13.0,16.0,68013.0
759874,1.0,330.0,390.0,364.0,389.0,373.0,377.0,Female,16.0,12.0,23500.0
760568,1.0,730.0,720.0,375.0,376.0,375.0,372.0,Male,12.0,20.0,82100.0
761094,1.0,550.0,560.0,320.0,318.0,335.0,310.0,Female,16.0,16.0,87000.0
761644,1.0,700.0,710.0,400.0,400.0,348.0,389.0,Male,16.0,18.0,55000.0
762639,1.0,550.0,480.0,315.0,320.0,295.0,329.0,Male,20.0,20.0,60000.0
763124,0.0,540.0,560.0,260.0,251.0,216.0,290.0,Male,12.0,11.0,54168.0
763628,1.0,600.0,580.0,400.0,400.0,375.0,396.0,Male,14.0,12.0,100000.0
764845,1.0,580.0,580.0,350.0,338.0,290.0,351.0,Female,14.0,16.0,32000.0
766959,1.0,340.0,400.0,287.0,190.0,220.0,278.0,Male,13.0,15.0,63997.0
768777,0.0,580.0,600.0,303.0,245.0,227.0,293.0,Male,16.0,14.0,127000.0
770776,0.0,340.0,390.0,190.0,285.0,290.0,278.0,Male,13.0,12.0,36115.0
771113,0.0,360.0,450.0,287.0,290.0,320.0,295.0,Male,14.0,13.0,31000.0
771963,0.0,480.0,530.0,287.0,340.0,295.0,332.0,Male,16.0,16.0,48400.0
773092,0.0,480.0,540.0,287.0,295.0,367.0,329.0,Female,16.0,14.0,17080.0
773258,1.0,480.0,560.0,375.0,356.0,367.0,333.0,Female,14.0,14.0,113000.0
773525,0.0,370.0,470.0,277.0,278.0,213.0,297.0,Female,9.0,9.0,70500.0
777147,0.0,420.0,610.0,329.0,325.0,393.0,356.0,Female,12.0,12.0,103110.0
777472,1.0,760.0,760.0,383.0,400.0,400.0,398.0,Female,17.0,19.0,158000.0
777830,1.0,650.0,630.0,310.0,330.0,310.0,323.0,Female,16.0,18.0,131000.0
779631,1.0,640.0,720.0,379.0,375.0,400.0,391.0,Male,16.0,14.0,50501.0
779658,1.0,540.0,510.0,271.0,337.0,255.0,272.0,Male,12.0,14.0,45000.0
780303,1.0,660.0,510.0,330.0,375.0,303.0,314.0,Male,16.0,19.0,135000.0
780680,1.0,700.0,720.0,396.0,408.0,389.0,390.0,Female,17.0,16.0,137500.0
782031,1.0,580.0,420.0,333.0,388.0,287.0,353.0,Male,16.0,16.0,115000.0
782720,1.0,420.0,530.0,328.0,333.0,325.0,330.0,Male,12.0,13.0,76000.0
783071,1.0,770.0,710.0,371.0,375.0,350.0,365.0,Female,16.0,16.0,104000.0
783715,1.0,490.0,670.0,290.0,333.0,273.0,284.0,Female,16.0,16.0,140000.0
785426,0.0,480.0,520.0,230.0,294.0,269.0,306.0,Male,12.0,12.0,246474.0
786240,1.0,800.0,740.0,400.0,400.0,400.0,376.0,Male,18.0,18.0,111750.0
786243,1.0,520.0,530.0,313.0,309.0,328.0,311.0,Male,17.0,18.0,149250.0
788061,0.0,630.0,520.0,289.0,343.0,200.0,305.0,Female,14.0,12.0,38400.0
789504,0.0,450.0,410.0,190.0,209.0,220.0,217.0,Male,16.0,12.0,92300.0
790547,0.0,370.0,430.0,190.0,271.0,284.0,277.0,Male,12.0,12.0,55000.0
790638,0.0,550.0,600.0,287.0,220.0,287.0,283.0,Male,13.0,13.0,87000.0
791937,1.0,470.0,590.0,292.0,316.0,302.0,321.0,Female,12.0,12.0,56694.0
793632,1.0,570.0,590.0,310.0,369.0,363.0,353.0,Female,16.0,16.0,80000.0
793717,1.0,540.0,420.0,277.0,290.0,215.0,287.0,Female,14.0,16.0,107500.0
796179,1.0,280.0,400.0,381.0,358.0,388.0,375.0,Female,5.0,15.0,20000.0
798449,1.0,560.0,430.0,249.0,288.0,289.0,266.0,Male,13.0,13.0,60300.0
799218,1.0,430.0,340.0,185.0,280.0,145.0,239.0,Male,14.0,14.0,21000.0
800100,1.0,610.0,580.0,290.0,325.0,320.0,346.0,Female,16.0,16.0,65000.0
800479,0.0,480.0,510.0,290.0,285.0,303.0,311.0,Male,14.0,12.0,28500.0
800527,1.0,530.0,560.0,310.0,273.0,266.0,295.0,Male,12.0,14.0,60500.0
800764,1.0,350.0,310.0,219.0,164.0,250.0,267.0,Female,12.0,10.0,6228.0
801331,1.0,700.0,740.0,400.0,409.0,400.0,403.0,Female,14.0,18.0,246474.0
801379,1.0,580.0,400.0,280.0,222.0,220.0,268.0,Male,16.0,20.0,84000.0
802542,1.0,550.0,580.0,295.0,303.0,300.0,312.0,Female,8.0,15.0,56100.0
803489,1.0,590.0,660.0,313.0,341.0,341.0,368.0,Male,12.0,14.0,40500.0
803557,0.0,420.0,530.0,214.0,245.0,214.0,256.0,Male,13.0,15.0,130500.0
803751,1.0,420.0,540.0,313.0,295.0,238.0,315.0,Male,17.0,10.0,70000.0
803902,1.0,570.0,510.0,351.0,370.0,317.0,332.0,Female,20.0,18.0,113750.0
804969,1.0,770.0,670.0,400.0,400.0,393.0,396.0,Female,19.0,14.0,42000.0
806244,0.0,240.0,460.0,290.0,323.0,287.0,322.0,Male,14.0,20.0,114200.0
808149,1.0,650.0,610.0,343.0,392.0,309.0,365.0,Male,18.0,20.0,89000.0
808281,1.0,590.0,620.0,223.0,358.0,329.0,352.0,Female,17.0,17.0,56100.0
809901,1.0,470.0,450.0,220.0,287.0,268.0,295.0,Female,12.0,8.0,82250.0
810809,0.0,340.0,440.0,330.0,320.0,310.0,333.0,Female,12.0,12.0,11050.0
812869,1.0,710.0,720.0,400.0,400.0,400.0,399.0,Female,16.0,20.0,61000.0
815406,1.0,540.0,480.0,272.0,352.0,309.0,336.0,Female,17.0,16.0,105000.0
816404,1.0,540.0,490.0,285.0,329.0,233.0,334.0,Female,15.0,12.0,27610.0
816545,1.0,570.0,480.0,290.0,325.0,278.0,311.0,Female,11.0,14.0,59000.0
816780,0.0,420.0,270.0,267.0,293.0,255.0,261.0,Male,18.0,18.0,246474.0
817546,1.0,480.0,480.0,400.0,380.0,384.0,369.0,Male,14.0,19.0,124200.0
817630,1.0,580.0,540.0,388.0,370.0,363.0,356.0,Female,12.0,12.0,22600.0
818298,0.0,410.0,460.0,277.0,283.0,305.0,313.0,Male,12.0,12.0,23000.0
820797,0.0,690.0,660.0,400.0,400.0,400.0,400.0,Male,18.0,20.0,115500.0
820922,0.0,560.0,390.0,325.0,301.0,293.0,241.0,Male,12.0,16.0,78400.0
821564,1.0,510.0,460.0,100.0,178.0,283.0,261.0,Female,12.0,12.0,97500.0
821566,1.0,580.0,570.0,400.0,375.0,375.0,384.0,Female,12.0,10.0,40500.0
823325,1.0,760.0,730.0,345.0,290.0,295.0,320.0,Female,18.0,18.0,80300.0
823410,0.0,480.0,520.0,220.0,308.0,227.0,283.0,Male,12.0,12.0,9400.0
823534,1.0,500.0,480.0,288.0,330.0,237.0,305.0,Female,13.0,18.0,92600.0
825221,0.0,580.0,580.0,200.0,216.0,225.0,198.0,Male,14.0,15.0,53035.0
826299,1.0,570.0,540.0,400.0,375.0,348.0,386.0,Female,12.0,15.0,14400.0
826332,1.0,340.0,400.0,100.0,235.0,190.0,235.0,Female,12.0,16.0,73100.0
826949,0.0,420.0,410.0,270.0,170.0,328.0,248.0,Female,14.0,14.0,62250.0
828061,0.0,520.0,450.0,148.0,235.0,78.0,215.0,Male,16.0,16.0,74250.0
828675,1.0,460.0,350.0,207.0,200.0,240.0,286.0,Female,12.0,12.0,59700.0
830242,1.0,570.0,570.0,367.0,325.0,375.0,364.0,Female,12.0,14.0,65800.0
832084,1.0,590.0,660.0,400.0,400.0,400.0,400.0,Male,14.0,12.0,36000.0
832085,0.0,470.0,560.0,353.0,318.0,347.0,342.0,Male,14.0,12.0,61600.0
832148,1.0,400.0,470.0,383.0,356.0,325.0,365.0,Female,13.0,12.0,72500.0
832568,1.0,510.0,440.0,292.0,235.0,267.0,273.0,Male,12.0,14.0,67000.0
834609,1.0,530.0,530.0,333.0,340.0,367.0,365.0,Female,16.0,16.0,46000.0
834993,1.0,570.0,620.0,321.0,333.0,308.0,321.0,Male,16.0,17.0,45018.0
836819,0.0,500.0,490.0,298.0,318.0,316.0,309.0,Female,12.0,12.0,52200.0
839248,0.0,570.0,600.0,310.0,245.0,325.0,289.0,Male,13.0,12.0,60000.0
840080,1.0,560.0,600.0,293.0,285.0,295.0,267.0,Male,16.0,18.0,110000.0
840271,0.0,500.0,420.0,327.0,303.0,323.0,321.0,Female,6.0,6.0,14000.0
840822,0.0,310.0,370.0,190.0,193.0,220.0,209.0,Female,16.0,16.0,135500.0
841071,0.0,350.0,430.0,200.0,198.0,160.0,169.0,Male,14.0,12.0,105500.0
841753,0.0,460.0,510.0,317.0,317.0,317.0,357.0,Male,13.0,12.0,36370.0
841827,1.0,570.0,530.0,330.0,349.0,330.0,370.0,Female,12.0,14.0,40500.0
842097,1.0,680.0,700.0,400.0,390.0,391.0,395.0,Male,12.0,12.0,25010.0
844096,0.0,550.0,480.0,290.0,340.0,300.0,296.0,Female,16.0,16.0,40500.0
846785,0.0,530.0,500.0,273.0,308.0,287.0,313.0,Female,12.0,12.0,2100.0
847336,0.0,460.0,440.0,233.0,315.0,313.0,292.0,Male,6.0,14.0,2500.0
847473,0.0,660.0,590.0,270.0,280.0,270.0,320.0,Male,12.0,12.0,93320.0
847697,1.0,600.0,660.0,400.0,400.0,400.0,343.0,Female,18.0,15.0,24615.0
850001,1.0,660.0,730.0,414.0,400.0,409.0,410.0,Male,13.0,12.0,34520.0
851259,1.0,440.0,400.0,247.0,288.0,147.0,233.0,Male,18.0,16.0,112800.0
853546,1.0,640.0,670.0,350.0,345.0,275.0,367.0,Male,14.0,12.0,16000.0
854483,1.0,470.0,600.0,293.0,283.0,273.0,302.0,Male,14.0,16.0,38000.0
855569,1.0,470.0,540.0,251.0,196.0,290.0,299.0,Male,11.0,14.0,37500.0
856114,1.0,530.0,380.0,306.0,324.0,280.0,299.0,Female,16.0,20.0,138750.0
858492,0.0,450.0,490.0,303.0,300.0,349.0,324.0,Male,16.0,12.0,12500.0
859095,0.0,330.0,390.0,235.0,303.0,160.0,304.0,Female,12.0,12.0,37000.0
859208,0.0,420.0,440.0,280.0,291.0,266.0,307.0,Female,14.0,16.0,89676.0
859684,1.0,490.0,480.0,297.0,302.0,328.0,313.0,Female,16.0,17.0,91900.0
860882,1.0,220.0,320.0,287.0,224.0,300.0,273.0,Male,13.0,15.0,11850.0
862912,1.0,530.0,530.0,367.0,350.0,375.0,368.0,Female,12.0,12.0,81300.0
863239,1.0,460.0,450.0,300.0,295.0,265.0,319.0,Male,16.0,10.0,40500.0
865280,1.0,470.0,530.0,308.0,311.0,262.0,331.0,Female,14.0,16.0,95000.0
866494,1.0,580.0,540.0,345.0,350.0,298.0,335.0,Female,16.0,19.0,150000.0
866802,1.0,340.0,410.0,340.0,273.0,290.0,296.0,Female,13.0,12.0,15100.0
866827,1.0,490.0,520.0,367.0,360.0,367.0,375.0,Male,12.0,16.0,43660.0
867312,0.0,280.0,240.0,270.0,207.0,214.0,242.0,Male,14.0,12.0,33000.0
867409,1.0,540.0,490.0,327.0,333.0,202.0,307.0,Male,16.0,18.0,93000.0
867772,1.0,580.0,530.0,290.0,295.0,290.0,310.0,Female,14.0,12.0,28400.0
868387,1.0,480.0,480.0,293.0,329.0,310.0,324.0,Female,20.0,17.0,97400.0
871640,1.0,670.0,630.0,377.0,347.0,251.0,340.0,Female,14.0,12.0,119651.0
872221,1.0,520.0,520.0,300.0,345.0,360.0,354.0,Female,12.0,17.0,94375.0
873655,1.0,430.0,460.0,157.0,280.0,228.0,257.0,Male,14.0,14.0,57250.0
873730,0.0,490.0,450.0,290.0,235.0,280.0,323.0,Male,13.0,12.0,76010.0
874060,1.0,560.0,570.0,400.0,393.0,403.0,364.0,Female,14.0,16.0,86900.0
874119,1.0,600.0,490.0,300.0,328.0,300.0,347.0,Female,12.0,12.0,72000.0
875855,0.0,400.0,430.0,237.0,288.0,298.0,303.0,Female,14.0,10.0,18000.0
877158,1.0,590.0,640.0,350.0,366.0,359.0,369.0,Male,14.0,12.0,154750.0
877596,1.0,560.0,490.0,375.0,376.0,322.0,373.0,Female,13.0,15.0,119000.0
878489,1.0,560.0,670.0,333.0,300.0,400.0,298.0,Male,18.0,19.0,114250.0
878983,1.0,510.0,570.0,400.0,378.0,350.0,383.0,Male,12.0,12.0,48750.0
879520,0.0,330.0,320.0,145.0,218.0,227.0,270.0,Male,12.0,14.0,31720.0
882321,1.0,430.0,430.0,300.0,295.0,313.0,343.0,Female,17.0,14.0,110600.0
884955,0.0,450.0,500.0,333.0,320.0,315.0,335.0,Male,16.0,17.0,44030.0
887078,0.0,420.0,530.0,367.0,400.0,360.0,383.0,Male,12.0,14.0,80900.0
887247,0.0,520.0,560.0,293.0,356.0,310.0,350.0,Male,16.0,19.0,51750.0
888001,0.0,550.0,610.0,273.0,320.0,296.0,280.0,Male,12.0,11.0,37000.0
888158,1.0,650.0,590.0,367.0,350.0,400.0,356.0,Female,16.0,19.0,135000.0
888214,0.0,540.0,540.0,363.0,318.0,287.0,358.0,Male,12.0,14.0,69500.0
888679,0.0,460.0,480.0,320.0,273.0,308.0,305.0,Female,14.0,18.0,57500.0
890791,0.0,440.0,500.0,267.0,290.0,287.0,285.0,Male,12.0,12.0,70500.0
892122,1.0,680.0,740.0,334.0,335.0,370.0,361.0,Male,14.0,16.0,27700.0
893747,1.0,440.0,420.0,336.0,345.0,328.0,345.0,Male,16.0,16.0,45000.0
894026,1.0,580.0,480.0,333.0,367.0,358.0,372.0,Female,14.0,13.0,53000.0
894385,1.0,450.0,460.0,270.0,271.0,280.0,308.0,Female,12.0,16.0,118400.0
896234,1.0,690.0,630.0,326.0,361.0,306.0,333.0,Male,20.0,16.0,69200.0
896394,1.0,460.0,460.0,400.0,375.0,383.0,381.0,Female,12.0,11.0,22100.0
897565,1.0,550.0,610.0,315.0,345.0,350.0,346.0,Male,12.0,12.0,35025.0
897800,0.0,540.0,720.0,304.0,285.0,335.0,329.0,Male,16.0,16.0,150500.0
898076,1.0,480.0,550.0,287.0,290.0,295.0,305.0,Male,12.0,16.0,148000.0
898611,1.0,410.0,350.0,265.0,190.0,225.0,231.0,Female,17.0,14.0,85000.0
898800,0.0,300.0,310.0,327.0,318.0,284.0,323.0,Female,12.0,11.0,80600.0
899981,1.0,500.0,470.0,331.0,340.0,293.0,342.0,Female,20.0,16.0,16100.0
901144,1.0,690.0,790.0,370.0,400.0,400.0,395.0,Female,12.0,12.0,81500.0
901690,1.0,590.0,590.0,400.0,375.0,371.0,386.0,Female,16.0,16.0,113400.0
903868,1.0,680.0,570.0,290.0,300.0,280.0,298.0,Male,15.0,12.0,33800.0
904162,0.0,400.0,470.0,327.0,320.0,329.0,344.0,Male,12.0,16.0,32000.0
904696,1.0,510.0,550.0,325.0,335.0,284.0,347.0,Female,14.0,14.0,70000.0
906146,1.0,670.0,630.0,290.0,304.0,318.0,317.0,Female,16.0,17.0,99000.0
906582,1.0,570.0,670.0,400.0,400.0,400.0,398.0,Male,20.0,20.0,130000.0
907392,1.0,720.0,670.0,315.0,360.0,340.0,354.0,Male,20.0,20.0,108200.0
908709,0.0,550.0,440.0,220.0,297.0,235.0,273.0,Female,14.0,13.0,78000.0
908830,0.0,460.0,440.0,335.0,349.0,246.0,348.0,Male,14.0,12.0,20600.0
910719,0.0,440.0,520.0,233.0,333.0,258.0,322.0,Male,16.0,17.0,59000.0
914098,1.0,510.0,580.0,310.0,318.0,268.0,311.0,Male,17.0,16.0,82230.0
914734,1.0,510.0,540.0,415.0,335.0,357.0,362.0,Male,16.0,18.0,83750.0
917131,0.0,260.0,300.0,363.0,323.0,237.0,348.0,Female,12.0,9.0,19000.0
917825,0.0,410.0,390.0,280.0,280.0,303.0,296.0,Male,10.0,12.0,7390.0
918187,1.0,630.0,590.0,320.0,344.0,294.0,343.0,Male,15.0,12.0,72000.0
918590,1.0,520.0,570.0,293.0,302.0,290.0,316.0,Male,14.0,18.0,83500.0
918718,1.0,740.0,640.0,375.0,333.0,358.0,364.0,Male,16.0,16.0,58000.0
920153,1.0,740.0,750.0,400.0,400.0,367.0,383.0,Female,16.0,16.0,97250.0
920474,0.0,450.0,400.0,282.0,306.0,270.0,311.0,Female,14.0,15.0,87106.0
920946,0.0,620.0,510.0,290.0,338.0,208.0,306.0,Female,12.0,12.0,75000.0
921129,0.0,410.0,530.0,320.0,325.0,350.0,371.0,Female,12.0,12.0,46528.0
921572,0.0,570.0,480.0,290.0,325.0,285.0,308.0,Female,12.0,16.0,64824.0
921950,1.0,570.0,520.0,388.0,400.0,363.0,379.0,Female,4.0,15.0,35000.0
922271,0.0,470.0,390.0,300.0,320.0,193.0,302.0,Female,13.0,12.0,43720.0
922338,1.0,520.0,510.0,367.0,325.0,363.0,360.0,Female,20.0,17.0,97400.0
922803,0.0,610.0,500.0,273.0,288.0,201.0,273.0,Male,14.0,14.0,78700.0
923140,0.0,500.0,450.0,320.0,289.0,245.0,284.0,Female,12.0,16.0,20500.0
923307,1.0,540.0,580.0,293.0,290.0,320.0,282.0,Male,14.0,13.0,7500.0
923731,0.0,440.0,470.0,325.0,371.0,333.0,365.0,Male,4.0,6.0,21440.0
929448,0.0,620.0,690.0,357.0,319.0,283.0,317.0,Male,16.0,19.0,112500.0
929510,0.0,500.0,550.0,287.0,285.0,348.0,309.0,Male,9.0,12.0,35000.0
930054,0.0,460.0,430.0,295.0,245.0,250.0,294.0,Female,14.0,13.0,54400.0
930335,0.0,500.0,560.0,290.0,290.0,295.0,301.0,Female,12.0,14.0,50000.0
930648,1.0,530.0,510.0,280.0,295.0,290.0,315.0,Male,12.0,12.0,40000.0
932536,1.0,560.0,440.0,287.0,325.0,303.0,326.0,Female,12.0,12.0,73000.0
932713,1.0,660.0,590.0,346.0,293.0,286.0,318.0,Male,16.0,12.0,120000.0
933604,0.0,650.0,540.0,300.0,400.0,336.0,364.0,Female,16.0,12.0,74500.0
934190,0.0,410.0,440.0,285.0,312.0,287.0,319.0,Male,12.0,12.0,59100.0
934488,0.0,560.0,490.0,295.0,325.0,360.0,343.0,Female,14.0,16.0,54800.0
935423,1.0,590.0,490.0,290.0,360.0,233.0,308.0,Male,17.0,18.0,113365.0
935457,1.0,640.0,610.0,325.0,388.0,363.0,363.0,Female,16.0,20.0,44000.0
935861,0.0,500.0,530.0,283.0,268.0,303.0,265.0,Male,12.0,13.0,114600.0
938750,1.0,420.0,550.0,306.0,324.0,285.0,336.0,Female,14.0,16.0,80000.0
939728,0.0,550.0,420.0,251.0,323.0,253.0,284.0,Female,12.0,12.0,25637.0
940172,0.0,650.0,470.0,285.0,292.0,220.0,301.0,Male,17.0,12.0,81000.0
940510,0.0,540.0,560.0,350.0,325.0,360.0,337.0,Male,16.0,16.0,40200.0
940885,0.0,390.0,390.0,350.0,350.0,333.0,340.0,Male,9.0,12.0,5640.0
943072,1.0,530.0,500.0,314.0,365.0,315.0,341.0,Male,12.0,16.0,76500.0
943268,1.0,620.0,710.0,388.0,400.0,300.0,335.0,Male,14.0,12.0,21400.0
944289,1.0,570.0,660.0,315.0,293.0,324.0,327.0,Male,16.0,20.0,93000.0
944792,0.0,520.0,380.0,233.0,287.0,227.0,298.0,Female,12.0,12.0,24036.0
947410,1.0,480.0,450.0,287.0,290.0,313.0,308.0,Female,14.0,16.0,94500.0
949110,1.0,500.0,410.0,287.0,316.0,303.0,326.0,Female,16.0,16.0,85490.0
949420,1.0,510.0,410.0,290.0,320.0,290.0,328.0,Female,14.0,11.0,71000.0
950924,0.0,560.0,480.0,283.0,295.0,291.0,311.0,Male,14.0,9.0,54500.0
951870,1.0,480.0,630.0,400.0,400.0,400.0,396.0,Female,12.0,18.0,21000.0
952282,1.0,480.0,460.0,303.0,334.0,320.0,345.0,Male,18.0,19.0,21000.0
952691,1.0,600.0,650.0,364.0,343.0,278.0,339.0,Male,14.0,18.0,93000.0
953465,1.0,620.0,580.0,400.0,400.0,380.0,396.0,Female,16.0,12.0,40925.0
954482,1.0,530.0,530.0,362.0,331.0,325.0,345.0,Female,18.0,16.0,246474.0
955430,0.0,260.0,200.0,190.0,240.0,190.0,271.0,Female,12.0,12.0,70500.0
955635,1.0,560.0,520.0,263.0,272.0,193.0,277.0,Male,12.0,12.0,52000.0
956011,1.0,380.0,420.0,280.0,320.0,315.0,298.0,Female,14.0,14.0,56000.0
956583,1.0,720.0,660.0,350.0,400.0,400.0,384.0,Male,14.0,20.0,90500.0
958742,1.0,640.0,560.0,260.0,271.0,265.0,276.0,Male,17.0,19.0,246474.0
960000,0.0,370.0,380.0,237.0,205.0,205.0,224.0,Male,12.0,12.0,31750.0
960531,0.0,760.0,610.0,400.0,356.0,390.0,364.0,Male,12.0,12.0,141000.0
961170,0.0,610.0,580.0,205.0,223.0,33.0,176.0,Male,17.0,18.0,39604.0
962386,1.0,640.0,700.0,400.0,400.0,375.0,358.0,Female,14.0,14.0,113000.0
964406,1.0,390.0,480.0,314.0,332.0,237.0,330.0,Male,14.0,14.0,54000.0
964819,1.0,480.0,470.0,247.0,295.0,250.0,316.0,Female,14.0,12.0,42200.0
964898,0.0,290.0,430.0,190.0,304.0,290.0,292.0,Male,16.0,18.0,104500.0
966285,1.0,570.0,570.0,350.0,394.0,348.0,367.0,Male,13.0,10.0,22700.0
966565,1.0,430.0,360.0,227.0,265.0,240.0,278.0,Male,13.0,12.0,600.0
966697,1.0,420.0,500.0,287.0,235.0,220.0,281.0,Male,16.0,18.0,63000.0
966976,1.0,370.0,320.0,208.0,247.0,242.0,280.0,Male,13.0,13.0,76000.0
967144,0.0,600.0,690.0,322.0,355.0,379.0,371.0,Male,12.0,15.0,59000.0
967463,0.0,540.0,450.0,225.0,319.0,293.0,287.0,Female,12.0,10.0,32500.0
967930,0.0,380.0,470.0,283.0,317.0,275.0,311.0,Male,16.0,18.0,123700.0
968973,0.0,560.0,450.0,280.0,290.0,287.0,279.0,Male,12.0,10.0,28260.0
969519,1.0,500.0,470.0,280.0,285.0,293.0,301.0,Male,17.0,16.0,115900.0
970500,0.0,570.0,670.0,369.0,364.0,389.0,365.0,Male,17.0,18.0,246474.0
970609,0.0,410.0,410.0,235.0,258.0,213.0,249.0,Female,12.0,12.0,33300.0
970936,1.0,560.0,570.0,350.0,295.0,292.0,313.0,Female,15.0,18.0,80000.0
972676,1.0,270.0,400.0,350.0,353.0,363.0,359.0,Female,12.0,14.0,77000.0
973539,0.0,430.0,380.0,295.0,325.0,295.0,312.0,Female,12.0,14.0,34006.0
973890,1.0,620.0,610.0,390.0,358.0,310.0,339.0,Male,16.0,16.0,28000.0
975436,1.0,480.0,590.0,293.0,300.0,290.0,318.0,Female,12.0,8.0,75500.0
978173,1.0,750.0,720.0,283.0,334.0,258.0,316.0,Male,20.0,20.0,98750.0
978411,0.0,440.0,560.0,280.0,285.0,240.0,282.0,Male,9.0,12.0,35000.0
979160,1.0,730.0,660.0,327.0,325.0,238.0,278.0,Female,18.0,17.0,58700.0
979309,1.0,460.0,390.0,294.0,262.0,167.0,295.0,Female,12.0,12.0,77475.0
980390,0.0,350.0,360.0,167.0,295.0,295.0,266.0,Female,12.0,12.0,23434.0
982658,1.0,390.0,380.0,293.0,315.0,327.0,273.0,Female,11.0,12.0,46000.0
983614,0.0,340.0,470.0,240.0,295.0,235.0,304.0,Male,12.0,12.0,75000.0
984853,1.0,540.0,470.0,285.0,176.0,235.0,240.0,Male,12.0,12.0,40000.0
984858,1.0,600.0,670.0,338.0,364.0,289.0,329.0,Male,16.0,11.0,246474.0
985828,0.0,450.0,380.0,183.0,249.0,222.0,229.0,Female,12.0,12.0,66500.0
987579,0.0,530.0,520.0,220.0,164.0,280.0,221.0,Male,18.0,11.0,43500.0
989896,1.0,500.0,720.0,340.0,375.0,375.0,321.0,Male,16.0,16.0,51160.0
990608,1.0,650.0,720.0,400.0,400.0,400.0,400.0,Female,14.0,16.0,68970.0
990841,1.0,540.0,570.0,270.0,296.0,287.0,298.0,Female,12.0,12.0,93400.0
991123,0.0,340.0,470.0,135.0,309.0,212.0,282.0,Male,14.0,17.0,86200.0
994910,1.0,640.0,760.0,397.0,396.0,388.0,397.0,Male,8.0,11.0,75000.0
995643,0.0,480.0,400.0,227.0,294.0,227.0,257.0,Male,12.0,20.0,31000.0
997584,1.0,560.0,500.0,315.0,320.0,325.0,315.0,Female,13.0,12.0,28000.0
999291,1.0,440.0,350.0,305.0,323.0,280.0,311.0,Female,12.0,12.0,16000.0
